group,quarter,rw,ew,re,xi,xh,pchgYmG,pchgI,NEDY,NEEY,DK
Austria,1994-Q4,,,,,,,,,,
Austria,1995-Q1,,-0.0034810837579317905,,,0.0016350637331876885,,,,,
Austria,1995-Q2,,-0.002801628722762891,,,9.96567429723885e-05,0.008589020356723343,0.0005215533469230447,,,
Austria,1995-Q3,,-0.00322352707961509,,,0.0010981177603542884,-0.002883487266686113,-0.007357400914715382,,,
Austria,1995-Q4,,-0.004686747520886191,,-0.026536547503997587,-0.0032363191140638114,0.011589967258054135,0.021589280896854846,,,-0.039469468711632344
Austria,1996-Q1,,-0.00506735425579729,,-0.04019657807148991,0.0005351467177503884,-0.005414976596922283,-0.0015875338374406003,,,-0.04460242634213629
Austria,1996-Q2,,-0.0058031711488928895,,-0.03878826701946392,-0.00042476442177081153,-0.0013081449934640218,0.007536187804067498,,,-0.040249043557694514
Austria,1996-Q3,,-0.005981778351673689,,-0.04980325887198478,0.0009027503641640884,-0.010251882669491319,8.142533796561468e-05,,,-0.037439892626623394
Austria,1996-Q4,,-0.004951652160412289,,-0.046070226410595216,-0.0032231810527455114,0.005023458815651883,-0.00618724755411105,,,-0.03717262030177723
Austria,1997-Q1,,-0.00527285973085669,,-0.042777666643607715,-0.0003319868044814115,0.00656535310460723,-0.0101978141811755,,,-0.03608683132748297
Austria,1997-Q2,,-0.005460853568381891,,-0.041560338398561436,-0.0007860478050681116,-0.0037519935142460766,0.0008442812647438866,,,-0.03049101952863098
Austria,1997-Q3,,-0.00627108100926829,,-0.0299809591440221,-3.735037330848792e-05,0.010107493397171841,0.007239090952182994,,,-0.025715247422457538
Austria,1997-Q4,,-0.00661709249669139,,-0.024929316958685943,7.288706942407553e-05,0.011259446822364983,0.014004018849208424,,,-0.02371437716720695
Austria,1998-Q1,,-0.005095914451614989,,-0.02658665197943444,0.0004808163417705885,0.00015286933283694716,-0.004283874829139731,,,-0.026601906759487703
Austria,1998-Q2,,-0.006700067491317689,,-0.020629661412090217,0.00018132029756598848,0.004143549371994315,0.010149070574000265,,,-0.023522831584744747
Austria,1998-Q3,,-0.00666937752748759,,-0.01832203872935967,-0.0015317353782604115,0.0019523573612653892,-0.0022788470943345776,,,-0.02326719932644783
Austria,1998-Q4,,-0.00459470873743409,,-0.018834978934538116,-0.0012194007505229117,0.003577917101511308,0.008584297810991006,,,-0.02189604217204158
Austria,1999-Q1,,-0.004760865576887091,,-0.001606049758170025,-0.0013699307743195116,0.00896462731425648,-0.019071486831998895,,,-0.021779342618114567
Austria,1999-Q2,,-0.006154901897413791,,-0.006140155361866961,-0.0011582512983431116,0.0009582781502148422,0.0033005899919108426,,,-0.022478126634659507
Austria,1999-Q3,,-0.008223487720478088,,0.009319486628668772,-0.0014507250854805115,0.01308906511946103,0.03088464507890275,,,-0.017106341007514764
Austria,1999-Q4,,-0.008708109005636292,,-0.0032258139024594623,0.0003286934333507885,-0.016470935950440503,-0.02111612649616913,,,-0.015268485410837196
Austria,2000-Q1,,-0.01057040928528179,,0.014447726347078582,-0.0001863510850928115,0.018876208409757754,0.022284772478483917,,,-0.011638674885331213
Austria,2000-Q2,,-0.01133018439403249,,0.009411768053449565,-0.0001438928161152115,0.0002448074714946572,0.021140374511205196,,,-0.010216554865181304
Austria,2000-Q3,,-0.01039100262020809,,0.019207667315346066,-9.134851322618588e-05,0.014487975399372932,-0.011340096580219847,,,-0.005706507416555512
Austria,2000-Q4,,-0.009760146861894192,,0.012891144011512257,-0.0001767517556189115,-0.001689654777125493,0.008369939359200376,,,-0.005250150973460349
Austria,2001-Q1,,-0.00832622558960909,,0.009007361675038572,8.646334923246028e-05,0.0035956170196682295,-0.005549406199211302,,,-0.00625147197805212
Austria,2001-Q2,,-0.00663990584949889,,-4.697272343046066e-05,0.0003967160608421885,-0.012637293689600237,-0.024082923601467143,,,-0.007296601326388041
Austria,2001-Q3,,-0.00599507550034029,,-0.00097864012135096,-0.0010730995501926116,0.0018039976882972767,-0.025582105499662233,,,-0.007297904247652004
Austria,2001-Q4,,-0.0034408006652184896,,-0.0009640242602835247,-0.0015034722620763117,-0.016323399839206755,-0.014419093131310743,,,-0.004530939471121376
Austria,2002-Q1,,-0.0029420960561373907,,-0.005540831577482308,-0.0003928891973984115,0.017130526204406325,0.011198667209896587,,,-0.005843149542829662
Austria,2002-Q2,,-0.002587508221172691,,-0.004151393020044525,0.0006138518398642885,-0.004231162732306426,-0.03221992096676896,,,-0.0038849418602310837
Austria,2002-Q3,,-0.0012793455941390907,,-0.004953022320488776,-0.0010245716879019116,0.0005162175511712278,-0.00804173320439173,,,-0.0048072471127921235
Austria,2002-Q4,,0.00281544919055281,,-0.011292335770799244,-0.0009353102806652115,-0.01006746316942556,-0.03681433103420762,,,-0.007851118993661504
Austria,2003-Q1,,0.0033362254483177097,,-0.009654080694142309,-0.0002837968238070115,0.008602974015922105,0.05724182783465192,,,-0.00644625181758951
Austria,2003-Q2,,0.00374247875634251,,-0.009244319952073976,4.867594755671697e-06,-0.0045270023191433025,-0.0010393106527802989,,,-0.006322222148179124
Austria,2003-Q3,,0.00011547990471760979,,-0.016199390086800047,0.0004626965847222885,-0.003889958256598358,0.007271433812965458,,,-0.008308332352226194
Austria,2003-Q4,,-0.002534200478598891,,-0.009567740732968621,0.0008105067348273884,0.006719104401797982,0.008034778145754476,,,-0.005087487536646729
Austria,2004-Q1,,-0.003955154424964291,,-0.005005973934029795,0.0021957010298727887,-1.2344919454487444e-05,-0.03157716520139953,,,-0.00334519542816758
Austria,2004-Q2,,-0.004171429101733991,,-0.008157189405071819,0.0022087934424173884,0.0006780906946934565,0.009654231044926678,,,-0.002507276721180035
Austria,2004-Q3,,-0.00341469913165919,,-0.00033305330258537325,0.0013740713886736884,0.010042877471397394,0.006690285848362723,,,-0.0011645503347778308
Austria,2004-Q4,,-0.0025605580784815894,,-0.008116845411521911,0.0019126159472654884,0.0017275417467674473,0.011921829075259285,,,-0.007749949735316897
Austria,2005-Q1,,-0.0027797014936966893,,-0.011500693612429114,0.0022528088219207886,-0.013884327853576106,-0.03527754590464827,-0.04502001835824265,-0.7113693321109096,-0.005303428673578192
Austria,2005-Q2,0.0036630736081657306,-0.0033963199097685895,-1.5802261150933703,0.0001224333988667503,0.0018450767316613883,0.00944119310944932,0.01656261879362485,-0.09476031724781075,-0.7381832861426157,-0.0033423473769834122
Austria,2005-Q3,0.0038872525655456306,-0.00333718855668299,-1.0395095481083991,0.015991675459107846,0.002120626835493589,0.01683964174482374,-0.0013124419669593526,-0.06634384190772147,-0.7078168720448622,-0.0011248193316654997
Austria,2005-Q4,0.005668401103285831,-0.00447960152381979,0.11749069330585812,0.014987790440361248,0.0025961224758927885,0.003951485721201043,0.01161099026175815,-0.008525757633516262,-0.8881426200527668,-0.004713452632909287
Austria,2006-Q1,0.007681728314300831,-0.00479667085261369,5.226458653703091,0.01718303171546509,0.0035703447604491885,0.010796333088842947,-0.002946011902515875,-0.29950114251358784,-0.866651219475768,-0.012278517596613941
Austria,2006-Q2,0.00773229549262333,-0.005363902347294189,0.17667908920064285,0.019105823667102895,0.0038434464916475885,-0.00038767893300909427,-0.009814799624784496,-0.3097845016207006,-0.9038130903193184,-0.008653763281890603
Austria,2006-Q3,0.00769764382206023,-0.00391145615199789,0.9457885569286943,0.026823113291252865,0.002128374329515989,0.003615894645293072,0.018043178219029444,-0.2918327320950538,-0.895174986117807,-0.006299389457028598
Austria,2006-Q4,0.00792649215365273,-0.00317372787367099,5.373815296916223,0.03549748662175123,0.002352488432181289,0.010634041682140183,-0.003910028008341624,-0.3938650396986254,-0.9425626041477488,-0.007571800528019312
Austria,2007-Q1,0.00802531960699493,-0.0033124050721176903,-0.07816855009426187,0.04575188868094693,0.004085240744022789,0.021559118003871634,0.04027888330949924,-0.4215376988133036,-0.8647974209064578,-0.008501790937689824
Austria,2007-Q2,0.00846760525833253,-0.004312421060424391,1.6452217971397738,0.04982579091481787,0.004456414572816689,-0.003567266967736937,0.004392084580363434,-0.5321270828521103,-0.9040095090377931,-0.0011694611860255943
Austria,2007-Q3,0.008430221422346531,0.00046880264656321,-4.106587000623197,0.060168473694584446,0.0009283308671383884,0.0069538618736262,-0.00512159603961305,-0.4925356136438257,-0.8573147455520739,0.001442125395709759
Austria,2007-Q4,0.005086756229067931,0.0026973895756741096,9.729628939404217,0.06248945688923424,0.0030927252727763884,-0.004669204726882181,-0.00464132454360556,-0.5160537072526248,-0.9569997018101466,0.0072711518243067375
Austria,2008-Q1,0.004418172804334531,0.00254597363316431,0.9111639807947218,0.06312217941755627,0.0016420698502760884,-0.0003532700571538313,0.012296517721120384,-0.5392049422165643,-0.891642303324926,0.008509707362339053
Austria,2008-Q2,0.004760848150450931,0.0048199523278166095,3.381823050667293,0.05832807187034694,0.003384817438785689,-0.0033202371027288066,0.02268055793042666,-0.6216751719063249,-0.8809247271518271,0.009567695832264772
Austria,2008-Q3,0.004174009835366331,0.00488060990627141,-14.842273784609931,0.04953939619979697,0.0002057142534596885,-0.008564461400966816,-0.03667005043933703,-0.4299764074842066,-0.6790614717745156,0.007099701045534312
Austria,2008-Q4,0.006357004546754631,0.00655878279317561,3.582457968037046,0.022600008220013512,-0.0023204317332352112,-0.043439945584314,0.011628314280576748,-0.16629862614534818,-0.6906499811588641,0.003481849118043029
Austria,2009-Q1,0.009251550617038631,0.01125958541330451,-1.9089448203607597,0.0108609564073332,-0.0034759590830073113,-0.016314430655819646,-0.03644858073868019,-0.2406417929383179,-0.6429079294863291,0.0007679175518144898
Austria,2009-Q2,0.01148561921957193,0.01268205215812421,-0.5393173522531498,0.00826086187327002,-0.0011343453294606115,0.001610840898049493,-0.026118079041084995,-0.289523474515212,-0.6142706545016386,0.0017421482841729063
Austria,2009-Q3,0.011392016123652031,0.0073125571470790095,-2.08910500545764,0.011431790808938747,-0.0021863315611721115,0.001898379581112242,-0.01712518834299449,-0.314469302110162,-0.6248941656524988,0.003201703991494831
Austria,2009-Q4,0.009405100740652532,0.00381313005025331,1.3509023258283128,0.007458150702498667,-0.0023982072712005116,-0.0031641945262402046,-0.02053295319318583,-0.34763870044212497,-0.674991142527533,0.002128063129828217
Austria,2010-Q1,0.00745958538887893,0.00273451016629591,0.7377359124872125,-0.0031445536213914327,-0.0029416216796355112,-0.014418389382264063,-0.009493843695345458,-0.31438737885581425,-0.5900582536306572,0.000876530621606475
Austria,2010-Q2,0.00495343282384603,0.00206663271158271,0.43208245171305454,0.003691959377906562,-0.0010130578452733116,0.012145827299573331,-0.024913047026211898,-0.1950954820459242,-0.5735081119815213,0.005135179520414784
Austria,2010-Q3,0.004198465814846031,0.0019139373347417101,-1.022893624683007,0.012426553411980734,-0.0030680673588769115,0.00647127439382641,0.028700998658946476,-0.12819630244360902,-0.5038953724717197,0.005519495629390331
Austria,2010-Q4,0.0037490516418244306,0.00217405651325551,-0.6352378210938587,0.015075229896516884,-0.0005423819519281115,0.002013185324914535,0.01514880405359175,-0.014366107916127246,-0.3732865111048775,0.006471998833605136
Austria,2011-Q1,0.0034352484060466305,0.0015580342308871096,-0.2870143530714824,0.024914879968070736,0.0003958402886278885,0.020651396461129866,0.014203071528546931,-0.15241795790083756,-0.34885537959876595,0.007680710521964451
Austria,2011-Q2,0.0020831908033656305,0.0010662914061328101,-0.09568960187427616,0.0031442920949980024,0.0007081923696619885,-0.023106727555798824,-0.010473113177081115,-0.09627731194767508,-0.348050389196778,0.005652879030229874
Austria,2011-Q3,-0.0005301668542133692,0.0026753008806802096,0.5166014242867847,0.011510921988592271,-0.0030644246680677114,0.006556982838502113,0.026780443100172236,0.15250528436808553,-0.31586702740487405,0.005875616009568291
Austria,2011-Q4,0.0002664974717432305,0.00559450705163821,0.5517126279848459,-0.0006717865790264455,-0.0022837602146859115,-0.01410511178488586,0.009876435946518316,0.13674223727544577,-0.12455066021742045,0.004890741881909633
Austria,2012-Q1,0.0020779194529785307,0.00645699999730811,-0.30177478745163644,0.009202598403133644,-0.0018547090904246116,0.012421282435612658,-0.015319322366066044,0.16798291488518313,-0.056240734778892465,0.0067666315211392936
Austria,2012-Q2,0.0015470840986859307,0.00559103770135811,-0.055546460556866864,0.0023719113657167945,4.359077697677813e-05,-0.010712527890347967,-0.03130973390438097,0.2513859329669036,-0.014654462259366063,0.008899894264422253
Austria,2012-Q3,-3.1828151678069214e-05,0.00636906877636051,-0.014195381796414663,0.006202948502929351,-0.0023005835909826115,0.005602521138021477,0.04514242309747562,0.24600421159735542,-0.0011357038625960936,0.008774954128687618
Austria,2012-Q4,-0.0015044802272417691,0.00551896211101841,-0.3843981744173069,-0.01044449139759518,-0.0009855850802139117,-0.012375851569503193,-0.002562689333100008,0.2541854706938681,-0.07195485629304699,0.004430293346395525
Austria,2013-Q1,-0.0006442649434014692,0.00462287643560951,0.3034174159401569,-0.018094952992067093,-0.0025304477695794114,-0.012581343451797433,-0.004740807003768563,0.1933595919801857,0.004258216284118044,0.003510088732841754
Austria,2013-Q2,0.0002665526278228308,0.0028039760963670095,-0.08693709175817788,-0.02138833093718784,-0.0004264991375704115,0.0007764324177303664,-0.011102059662197914,0.07842958968988689,-0.03791124178461236,0.003666979560398409
Austria,2013-Q3,0.0021146219656171306,0.0029003205244440096,-0.18563022594828296,-0.01621506015379892,-0.0023218447328075113,0.005300262677185164,0.015422128345372701,0.04726141668614303,-0.06955617249502943,0.002606483291131778
Austria,2013-Q4,0.0025893809319018305,0.00283819684070951,0.09260351646363513,-0.012100070420598685,-0.0001125570755300115,-0.006254249270506473,-0.012847297017520529,0.06848073003702482,-0.020598176169525195,0.011563672979356038
Austria,2014-Q1,0.002126287041858312,0.0016278713826563098,-0.11416111851580837,-0.018346426542064975,-0.0013572950602883116,-0.005501311698866284,-0.01548378741798285,0.05805671184729111,-0.03757126154572166,0.008432471528212637
Austria,2014-Q2,0.0009237381816046308,0.00235563213504561,-0.018068191764304464,-0.01354585725116575,0.0004638100615841885,0.005394508842917223,0.017269610957500448,0.06602996393904703,-0.01829624577452893,0.011247803372257337
Austria,2014-Q3,0.0002143284236553306,0.00291624269407271,0.25829714901535883,-0.004119546603893243,-0.0025390823820253114,0.008446681968538006,-0.015102861593804815,0.08907686777128776,0.06756888615484791,0.011366002256883972
Austria,2014-Q4,-9.369826169746938e-05,0.0031205461734948097,-0.0008200179815053554,-0.010237966954036004,-0.0008333908937320115,0.00042051970058506506,0.00593776665121847,0.11842024847543675,0.05486008978557777,0.005248100455857302
Austria,2015-Q1,-0.00015351651387686925,0.00363651147483391,0.04077803586407763,-0.001650679815935474,-0.0021491761676774115,-0.0001562441121334742,-0.0026067076188115526,0.2123727834258594,0.19462076138179574,0.006555004474979892
Austria,2015-Q2,0.00021477032185323068,0.0020147941831859095,-0.10960584865878387,-0.007501452849907775,0.0018085111631844883,0.0018415808723270758,0.007479460267399421,0.11276045269879209,0.10794690397756557,0.004476507689145787
Austria,2015-Q3,0.0012105027458462307,0.0015863135870837096,-0.38581153034891885,0.005514686849369177,-0.0011065781646087116,0.011651819436522904,0.0004320954003454911,0.10994517015213823,0.06283362471429166,0.005700499615133026
Austria,2015-Q4,0.0011520738934105307,0.0027393407366334095,-0.07380358503623616,0.01099901060657027,0.0001570721952113885,0.0032976634437568934,0.02749064552806867,0.1269470219964598,0.10851098050178565,0.0061418730914258035
Austria,2016-Q1,-0.00010611878852806933,0.00230199065375011,-0.22004637123349585,0.03330891859950391,-0.0015160847661031115,0.023605295475825204,0.012281329313019387,0.19753938555728612,0.10916013601855057,0.007417621766872384
Austria,2016-Q2,0.0002867392125831306,0.00385722744403901,-0.017142261381892274,0.018238111725783268,0.0008478729680647884,-0.014055349617246004,-5.1504281657242194e-05,0.23352287121659876,0.15702437731297814,0.005027041526974946
Austria,2016-Q3,-0.0006024058727082692,0.00360896815320931,-0.27195240005420257,0.026214309340425235,-0.0011485802750364116,0.001977818422816047,0.010995966386318048,0.23418826678713345,0.18638201511394248,0.006348276004266545
Austria,2016-Q4,-0.0014454493171354695,0.0033426946277531097,-0.2522258088234687,0.01647894802525318,0.0009903221404486883,-0.010216497569254723,-0.010120830709107307,0.22501985339346475,0.2035982228492642,0.005487639675964995
Austria,2017-Q1,-0.002723745007703269,0.00286095256954611,-0.17104211653631096,0.020300905936683655,-0.0001520036765833115,0.005602099507935965,0.013017235610997093,0.18655569970870445,0.17481882727377485,0.007350141533864346
Austria,2017-Q2,-0.002385014544178569,0.0020315894834764103,-0.4632948065871891,0.02281014264621306,0.0005879699799864885,0.00803890144456273,0.003789443902363234,0.09182450285518773,0.07531541862980573,0.006970430869676636
Austria,2017-Q3,-0.002530866869999769,0.0017364509874899098,-0.21906634074776096,0.030908936027339573,-0.0012532446699736115,0.007015934154616066,0.0176389351872147,0.0049231879787969834,0.03175854026582581,0.007145234645510895
Austria,2017-Q4,-0.0029110934445408694,0.00178311230322541,-0.09689054241905767,0.0219549053996988,0.0009775175049968885,-0.007353592699029387,-0.00259031457363069,0.012132320583199463,0.04899594133467944,0.006843500742438252
Austria,2018-Q1,-0.0013085460340268693,0.0013311451509057095,-0.32805907824402825,0.03913641058940742,-0.0006177916239782116,0.014057993538880898,0.004021185686028264,0.00045577243652084043,-0.023955815916919976,0.010797513117301705
Austria,2018-Q2,-0.001845117006402169,0.00155618321303121,0.12221820059583421,0.030830609712107826,0.0005884427150625885,-0.008952684135605604,0.022706783012882526,0.04718020065703732,0.0686912253216545,0.0092629414429366
Austria,2018-Q3,-0.002595053806296669,0.00247043153610291,-0.18475369223626936,0.036790573940215676,-0.0010539420448963115,0.007839803339592966,-0.008284719318252596,0.0253964519556934,0.09732487981439586,0.009490615812550174
Austria,2018-Q4,-0.0026247641110999694,0.0025205751362882096,-0.06694692158827537,0.03633920379999189,8.008948978634574e-05,0.0008717384444152047,0.02417825089047564,0.05419243332146084,0.15503468231802298,0.010821952925987949
Austria,2019-Q1,-0.002062639909531169,0.00436932846841241,0.017416901313143524,0.049329367768226495,-0.0022673026533723112,0.009560138043756628,0.0348049921993071,0.025401528581154964,0.2994548792129258,0.012885575580033976
Austria,2019-Q2,-0.0026225095610713694,0.0042505219565387095,-0.10134936463997217,0.03983496311223078,1.1998420652975925e-05,-0.011536623184703198,0.0007598737997761471,0.07503360340250775,0.3231698706101028,0.01303666883733376
Austria,2019-Q3,-0.002992153236151869,0.0040917016975035095,-0.12424096471439437,0.04351633339284611,-0.0018875024763940116,0.006421462796860145,-0.014290610802813472,0.05306820020027703,0.3293922589886308,0.009448242700523107
Austria,2019-Q4,-0.002329753698036269,0.00438122341473691,0.0012558735838156254,0.02697952878159393,0.0004481139586484885,-0.015045596372221392,-0.030996482889996357,0.0029761749155339245,0.42045764143640485,0.0071884274193344255
Austria,2020-Q1,-0.0038058596781557694,0.00374504083387751,-0.10680155326719806,0.018589926287549963,-0.0020029667733704112,-0.013526702034404347,-0.020157288489757518,0.003930094936258177,0.4442900271652369,0.0078099684511997725
Austria,2020-Q2,-0.0018484844864616696,0.00498580978330171,0.12263751346137813,-0.10422231053440334,0.0018691846844561884,-0.1577727376929621,-0.06275612362400186,0.1755223138939891,0.6944723846839421,-0.007745567707650197
Austria,2020-Q3,-0.0031996421907266696,0.00214917764623061,0.02963243327967352,0.002121446683198691,0.003945941497583089,0.12576636673568073,0.06945565062211943,0.11214454201351332,0.42450726952055795,0.013452634728885582
Austria,2020-Q4,-0.003150078712229369,0.0004482035780433097,-0.34212508035789535,-0.02224282062609695,0.0023000648956900886,-0.03378382110937909,0.010779864979190026,0.19224065834367943,0.49483119013111854,0.010730158141772361
Austria,2021-Q1,-0.0030185284871039695,-0.0015760215073828904,-0.17662331356434485,-0.0343183729777079,0.0021617873429058887,-0.021417666776571122,0.02933227496201073,0.1832188555360016,0.6162674043176505,0.014126655833810703
Austria,2021-Q2,-0.0052144856379543695,-0.0029616499779577905,-0.24910190676145005,-0.0024027971211113552,0.0015582997267240884,0.041267455369768245,0.022821003082191028,0.1272220549508215,0.6035436260420216,0.016488455709932237
Austria,2021-Q3,-0.0073128257045487685,-0.0019749573352094906,-0.26982474496770625,0.02513126087824502,-3.917550306771505e-05,0.03229048544896803,-0.02112637475461011,0.1910292784980866,0.594968943495587,0.02262286452773629
Austria,2021-Q4,-0.009303178292052369,-0.0017519228344814895,-0.13869157880583616,0.022188627354025048,0.0007011245321958884,-0.007818519837705462,-0.02785005669142383,0.20456926476295745,0.5820527746865066,0.024760703028349235
Austria,2022-Q1,-0.01251839146678687,-0.0007304192356014901,-0.04959488759692317,0.021552565980103244,-0.0002517324601576115,0.01128686437246903,0.035127539253670396,0.19154563853001816,0.7082716162325401,0.024120462586521035
Austria,2022-Q2,-0.01452914486358607,0.00044074140517611025,-0.3635906690890155,0.014851004343032326,0.00010834129343958849,0.0034760582695787193,-0.031341029697996244,0.10363857655699016,0.6929344969590726,0.02565774146523911
Austria,2022-Q3,-0.018462923617219268,0.00338453912926501,-0.15249232092189086,-0.0034537164577193025,-0.001965075974493711,-0.008715078692212141,-0.004459403693550254,0.05162618040259126,0.677602677966655,0.02456194081218635
Austria,2022-Q4,-0.018554696878380073,0.00469699387991801,0.0023864294618723414,-0.02386183943097131,-0.0013650574376259115,-0.020913998443390182,-0.003559882160306569,0.14932236931818255,0.6244818769896353,0.02178810754968538
Austria,2023-Q1,-0.01762974417176437,0.00436703789459781,-0.022562557530937763,-0.010175748605736779,-0.0006525749291722116,0.020556528991093802,-0.0048327961351847335,0.1419656304387863,0.655409643289019,0.02395418398490068
Austria,2023-Q2,-0.013609845449193568,0.00363743454469731,-0.11305340673035437,-0.03380865038654446,-0.0002431542688965115,-0.02563668530700961,-0.025343015633607534,0.19383009253447925,0.737805963727758,0.018265332154720787
Austria,2023-Q3,-0.00806422269375337,0.00388737411062911,-0.23841592659443397,-0.043909244760316435,-0.0008902605488531115,-0.011697980561686616,-0.020657890445518034,0.16383771662085167,0.720428645355334,0.015603704743703262
Austria,2023-Q4,-0.004865542675021769,0.00397113812337321,-0.029758410341160363,-0.052423070608299094,0.0004409989856513885,-0.007818446804540169,-0.0005496180714653722,0.17716423646815815,0.7168935989453572,0.012326882065945483
Austria,2024-Q1,-0.002719443575333569,0.00421883613772641,0.0029160084170973266,-0.04581832930572327,0.0005482353718538884,-0.0014838057605926266,-0.03692971909221033,0.1719021156464139,0.8643627336050387,0.014618326223591854
Austria,2024-Q2,0.0003866841693329307,0.00269938619151551,-0.27911747588584057,-0.04932759278464194,0.0003577937451129885,-0.003688096577984889,-0.001303567758235045,0.13956873637388745,0.9155209811926764,0.011957393985073034
Austria,2024-Q3,0.0021195285287315306,0.00284215350326491,0.014017008701809525,-0.04311577032738656,-0.0004794109367405115,0.0003511343166790696,-0.0027987513536017563,0.15466016501218183,0.9010846406484484,0.010821616182716015
Austria,2024-Q4,0.0029525911691051306,0.00282238886791881,-0.19585089198688815,-0.04538679823219183,0.0009200102179539885,-0.003545556513609138,0.00348081417272549,0.1558784815605606,0.9426567306873453,0.008742231747483314
Austria,2025-Q1,0.0005438714271588307,0.00330185207660611,-0.2604186767735733,-0.05405444412686089,0.0033945537166423885,-0.0040177201341487275,-0.008143423638086742,0.1480258259924111,0.89915835027716,0.008453037736536467
Austria,2025-Q2,0.0006273630341551307,0.0029704158341341096,-0.15878809263653418,-0.05540220767816506,0.0005960121667259884,-0.0039048493924463187,0.013471459971697288,0.1244194962738846,0.8076033004209194,0.006412356642165551
Austria,2025-Q3,-0.0011603964512583694,0.0032903193640931097,-0.06759709991974307,-0.05321562098540755,0.0003963451702759885,0.002560334581431978,0.008181478295540603,0.10543703380371172,0.8657968841427329,0.005573011160699609
Belgium,1994-Q4,,,,,,,,,,
Belgium,1995-Q1,,-0.0034810837579318365,-0.4618700625236678,-0.08038360554444957,-0.0003897165684958898,,,0.19347023765161428,-1.0826698531658305,-0.10728403248811441
Belgium,1995-Q2,0.01242479444872992,-0.002801628722762836,-0.5076305561157074,-0.08357848652133493,-0.0010518668690266898,-0.006129344478166517,0.00986723551693047,0.19759969035650626,-1.0501560209649867,-0.10979121178047321
Belgium,1995-Q3,0.01201381676187782,-0.003223527079615037,0.36463658196957066,-0.08645759987470458,-2.2602820522212862e-05,-0.0020162766933342915,0.003672221348342438,0.19397453777169943,-1.0134437087587171,-0.11155263336741614
Belgium,1995-Q4,0.01083204331564392,-0.004686747520886237,-0.1547183779983856,-0.09092627576626211,-0.00194267477123999,-0.007935271448339195,-0.0017982443422732731,0.16642139193092956,-0.9898859786513268,-0.11390564821898519
Belgium,1996-Q1,0.00898243923248732,-0.005067354255797237,0.2469801030563153,-0.10155412270991526,0.0002724269936851102,-0.0058708239957976655,-0.03089254547553089,0.10178684335501946,-0.9850354509375177,-0.11303346540646042
Belgium,1996-Q2,0.00941833974112382,-0.005803171148892837,-0.06874442665890398,-0.10366258586061039,-0.0019584433184253896,-0.010341059876859434,-0.004819591236991053,0.0077385421125798215,-0.9958954020308289,-0.11251214662419093
Belgium,1996-Q3,0.00930211254370002,-0.005981778351673737,-0.1315466947636396,-0.10869215503180829,-0.0009249184643157898,-0.003446091480801912,0.0046454025787243634,-0.09075753921143692,-1.0221195135378438,-0.11143368156701666
Belgium,1996-Q4,0.00665682064623142,-0.004951652160412236,-0.2730292169686132,-0.10626412861160883,-0.00185601380986299,0.008477149577977598,0.019746934584137895,-0.1842419383344368,-1.0395343999561164,-0.1101942149748257
Belgium,1997-Q1,0.007702837241211621,-0.0052728597308567375,-0.5643407351960086,-0.10292869791698656,-0.0003718588121449898,-0.004503006827972585,0.004535827118722798,-0.2880834212174675,-1.0259219298096829,-0.10504419810918647
Belgium,1997-Q2,0.00912315140332472,-0.005460853568381937,0.7281787245851672,-0.0813098640621428,-0.0014712280521148899,0.028728440507267167,0.028337333438337216,-0.3504569302794497,-1.014125911488052,-0.1008181233735701
Belgium,1997-Q3,0.00799187310295402,-0.006271081009268237,0.045218871323399794,-0.0787844217331457,0.0011262335259319101,0.002562344908191931,-0.01335115214019367,-0.3913965715009107,-1.0005214778059455,-0.0978638671294488
Belgium,1997-Q4,0.009084942855223821,-0.006617092496691337,-0.82847636614016,-0.06891187863578319,-0.0004254199749621898,0.006459839620463341,0.021417154708651017,-0.42455344522648886,-0.9885412107900978,-0.0955605366530172
Belgium,1998-Q1,0.00937064926700602,-0.005095914451614936,-0.1683688061719368,-0.06465519767919203,0.0009344957343066102,0.0010299240897655147,-0.02103523825781273,-0.47215057068918465,-0.9728939100886804,-0.09503391576941253
Belgium,1998-Q2,0.006842990926984319,-0.006700067491317737,-1.517756113790172,-0.06499131239645095,0.0024542745217992104,-0.00026487122851118336,-0.006162250786313942,-0.48343317063633684,-0.9610035866988107,-0.09232452430201266
Belgium,1998-Q3,0.00800049188669552,-0.0066693775274876375,-0.8769824816338176,-0.05966338565857021,0.0015285366836266102,0.0018810648490105984,0.02064232209071037,-0.45664922424727095,-0.9363527418117172,-0.08949297743289708
Belgium,1998-Q4,0.007288118099774921,-0.0045947087374341375,0.23528450793852052,-0.057797656714160706,0.0010052832213155102,6.66205008954244e-05,0.016094528394788418,-0.4844093387811049,-0.8352711937499089,-0.08791859216596876
Belgium,1999-Q1,0.00607585220628922,-0.004760865576887036,1.0484034901166281,-0.049820408009310535,0.00171308021966181,-0.0015704625767174753,-0.0011437476482318888,-0.5658353463282815,-0.6261038612697472,-0.08108468432924001
Belgium,1999-Q2,0.007187260924104219,-0.006154901897413736,0.5993462258944786,-0.03974857072949911,0.0014276504281891102,0.006885769699591619,0.009211644403610327,-0.6085405829269862,-0.3880988332345082,-0.07420042545709288
Belgium,1999-Q3,0.00916667969045822,-0.008223487720478036,0.2329029145127881,-0.021190118087764942,0.00048826772019381015,0.013135200277773122,0.006311934428373297,-0.5771391474583837,-0.21574404090606447,-0.06714071406975963
Belgium,1999-Q4,0.00820942664803052,-0.008708109005636237,0.6592824770617778,-0.004885731508835756,0.00160893135066341,0.00939327137782439,-0.007061816599500895,-0.5947940210526093,0.021282009183570372,-0.06043470447804242
Belgium,2000-Q1,0.00795293907070022,-0.010570409285281737,0.5035394580223861,0.0010519138534526018,0.00160694862035531,0.0034800060195258873,0.021764007548560334,-0.5825966262428244,0.20983429036873447,-0.054367525405982
Belgium,2000-Q2,0.00659206264069772,-0.011330184394032538,-0.2855075344195071,0.005308213016234742,0.0019765405890234105,0.00023006263594280022,0.001344950053678181,-0.5115969705320829,0.2679934975191489,-0.04860932818505237
Belgium,2000-Q3,0.00487177746128042,-0.010391002620208036,-0.0838977048608393,0.008389774628773772,0.0016491371632389102,0.0007018780263514366,0.005486844271367138,-0.49510919363537087,0.4192938148404335,-0.04320021284099504
Belgium,2000-Q4,0.00471028221108502,-0.009760146861894237,-0.1561935177467221,0.023106165476029172,0.0007309609310269102,0.0058811009603640645,0.0060376696475084,-0.3798984549709754,0.27657258902296067,-0.03628243096179862
Belgium,2001-Q1,0.0055275136277518205,-0.008326225589609137,-0.1720314298785694,0.017929659111450835,0.0003979624374732102,-0.004914202172731337,0.0028066937634625387,-0.3597639742129056,0.3054750378098463,-0.035905828378070825
Belgium,2001-Q2,0.00401071574996242,-0.006639905849498936,0.1080211008355442,0.01327077689188605,0.0025858467602268105,-0.004951011772215382,-0.02759690379385993,-0.3399684792202241,0.2569162550403328,-0.0307999906532134
Belgium,2001-Q3,0.00473167865341572,-0.005995075500340338,-0.3782500182357412,0.011213057855279152,-0.0003346280459999898,-0.010813599139032378,0.005678483996796265,-0.2873069350958576,0.03733438071126072,-0.028169963083352595
Belgium,2001-Q4,0.00468661996972742,-0.0034408006652185373,0.2140221789183508,0.014741791657719716,-0.0016136779636630899,-0.006686106177356906,-0.04337869048871368,-0.3110450643718242,-0.04982277625927378,-0.024984351752378342
Belgium,2002-Q1,0.00427882061309002,-0.0029420960561374367,0.1742456121169915,0.012529844846828286,-0.0006980283889485898,0.0004916465094755005,-0.02268357836977564,-0.33733232513635025,-0.19024438023811308,-0.025358607017469448
Belgium,2002-Q2,0.00799423500175692,-0.002587508221172737,-0.2590885248964539,0.014944140512365367,-0.0009005372303698898,0.001829543754761047,-0.024026215237091145,-0.2912249395364578,-0.4407078518619627,-0.026258583329749147
Belgium,2002-Q3,0.0069657441973876195,-0.0012793455941390369,0.1189891352307964,0.017683716403034788,-0.0019626831582351895,0.0011606964337413637,-0.020177024296419214,-0.30835939775559673,-0.4942171900971216,-0.026634229580016128
Belgium,2002-Q4,0.00629107634146832,0.002815449190552763,-0.27621583180335263,0.020553108689194577,-0.0028600169102432895,0.007215984720446015,0.02504431212672586,-0.2637639240953946,-0.5273998722130655,-0.028870382489427637
Belgium,2003-Q1,0.0043957530091836205,0.0033362254483176633,0.3036908257002185,0.003917999531530381,-0.0015920011477117899,-0.016235248980930123,-0.013887210571317036,-0.20800517905404237,-0.4572276447078184,-0.03187501076182647
Belgium,2003-Q2,0.00429913828973132,0.0037424787563425633,-0.053636849588801404,0.014895482832660845,-0.00267905895479089,0.003951250767641993,0.0010619497925701236,-0.1533254541585018,-0.3845805435170482,-0.026712019258473108
Belgium,2003-Q3,0.00399761574616152,0.00011547990471756295,0.1668049977911991,0.01882645374810199,-0.00146084067383719,-0.0061983038408932895,-0.009172078843329382,-0.15411331605767353,-0.33513892458240235,-0.021837543863507725
Belgium,2003-Q4,0.00448073505336742,-0.0025342004785988363,0.13384336120151089,0.03362096289497951,-0.0022185653001102895,0.018633841878669316,-0.004747659614736003,-0.20447598183062587,-0.44802727900186257,-0.01619257092993831
Belgium,2004-Q1,0.00537271810965492,-0.003955154424964236,0.015543578970036595,0.046355528910988486,-0.00035183537388458984,0.006409168968886518,0.043341438416785616,-0.3796385850044095,-0.5965988192494407,-0.01184490750658665
Belgium,2004-Q2,0.00381476692063692,-0.004171429101734037,-0.234847014838423,0.04329442716254328,-0.00014735810912048982,0.0004988625463244454,0.026213092454623995,-0.5593580492032889,-0.8122699386553099,-0.010327089513882837
Belgium,2004-Q3,0.00360662115187582,-0.003414699131659137,-1.2013267318668575,0.05009111411343148,-0.0009010654114537898,0.009398144000424906,0.017880166208089184,-0.6298250076230172,-0.9884614660252903,-0.008270491056789148
Belgium,2004-Q4,0.0015499233145672205,-0.0025605580784815365,-1.0387105998124524,0.05401435520749942,-0.00100842304609769,-0.0001785462078576507,-0.01709349729350307,-0.4819048318885468,-1.03247004888928,-0.007155499491892231
Belgium,2005-Q1,0.0005441260586965203,-0.002779701493696737,-0.43576200058641834,0.04656375720164618,-0.00015495659985408983,-0.0010376177416891188,0.01965847775149698,-0.29170151071669875,-0.8584295615291899,-0.010102614079893907
Belgium,2005-Q2,-0.0003965504020678797,-0.0033963199097686372,0.5626023680162598,0.038358557075055755,0.0006342024399466102,-0.0033385910073154015,0.028528852127468914,-0.17701440932811746,-0.6168214222582796,-0.011655796271240942
Belgium,2005-Q3,-0.0021521500761851795,-0.003337188556683036,0.36595821917978155,0.030851674466652712,0.00023647483955161017,-0.0033262580216018313,-0.0260702303478817,-0.04409731216187052,-0.5351198780644856,-0.013114691294985631
Belgium,2005-Q4,-8.914717407527972e-05,-0.004479601523819737,0.0007530392124060967,0.04342937121599011,-0.0014447072422675898,0.017245285481219924,-0.007667940458718329,-0.28903176501579086,-0.6269370441458486,-0.013267759557778813
Belgium,2006-Q1,0.0011204487718897203,-0.004796670852613736,0.04874126107911429,0.04746393715321351,-5.006967878714885e-05,0.004050356344517751,0.018595068751818152,-0.20596711478583318,-0.5737662918848627,-0.013505089101091494
Belgium,2006-Q2,0.00273008278964962,-0.005363902347294136,-0.017045698669683106,0.04045223125776487,0.00110926811019261,-0.005745091316685021,-0.005102360249244379,-0.14148130451249363,-0.6523974746209676,-0.013213118407579466
Belgium,2006-Q3,0.0039839746649494205,-0.003911456151997837,-0.4524455049897136,0.04676138310900013,0.0007007476403976102,0.008340296174701193,0.022130021038672117,-0.23454553063756672,-0.734846438914297,-0.011284001310791492
Belgium,2006-Q4,0.00389323180999382,-0.003173727873670937,0.05119177690873229,0.05993339332486203,-0.00018049993786908982,0.01511166287771634,0.015537009663859399,-0.27676576134935454,-0.7984236435684791,-0.01074063338388656
Belgium,2007-Q1,0.00395382914788522,-0.0033124050721176374,0.033559660024575,0.07915123456614803,0.00222309577225561,0.017000206173609173,0.01823674399746999,-0.37097443736578395,-0.8808165789196561,-0.002579326605166743
Belgium,2007-Q2,0.00544270968153242,-0.004312421060424437,-0.010590728628013309,0.08258971230670187,0.00098653750433301,-0.0020872836815862008,0.009192289591329447,-0.31181340858954854,-0.6294566129781133,0.0018704968403905065
Belgium,2007-Q3,0.00590063817266782,0.00046880264656326293,0.4607169479648854,0.0897463101707332,0.0006725290081424102,0.0003816912928975278,0.019599811134039632,-0.2908253953538259,-0.6872577522811364,0.006646821774171641
Belgium,2007-Q4,0.0018519692353529203,0.0026973895756741634,0.40573304399556,0.082057422932579,0.0024209762291239104,-0.007865489210846762,0.015009562881413748,-0.18425043739270625,-0.6818787747368112,0.009777223468048157
Belgium,2008-Q1,-0.0006477991751984796,0.0025459736331643634,-0.6957665754663585,0.07762479676517997,0.0021031820131423105,-0.01094712988778926,-0.003301114670747788,-0.454414879958981,0.10589834670361764,0.01810179848971516
Belgium,2008-Q2,-0.0029580616863247797,0.004819952327816663,0.5801674710017952,0.06735994388998057,0.0018688268778280102,-0.01724676022370633,-0.007502267384939424,-0.40747974603722037,0.17431464746839787,0.025609958568119928
Belgium,2008-Q3,-0.0041708266830950795,0.004880609906271363,-0.08964103283110189,0.061868244478229695,-0.00109413048941419,-0.019358720164168758,-0.03130944572541927,-0.352510720017428,0.1614570245468394,0.031224470459000397
Belgium,2008-Q4,-0.00024751951274477966,0.006558782793175563,0.4768977252215716,0.06022359903767738,-0.0049557595301882905,-0.032129031309617445,-0.013780957778081197,-0.27275960377572117,-0.18503877829208615,0.03577507094000143
Belgium,2009-Q1,0.00484205889446262,0.011259585413304563,-0.7153499300463365,0.05103097638331877,-0.0038572941309823897,-0.01761217024307629,-0.044725228580329235,-0.567715076733032,-0.2711094189819665,0.035791644003953293
Belgium,2009-Q2,0.00959485896507252,0.012682052158124263,0.47909450050356195,0.054909640262969184,0.00017092793098871017,0.0020640548151557845,-0.020564128523641537,-0.6915446426805556,-0.21239439313371622,0.03908324302775584
Belgium,2009-Q3,0.01137503188923922,0.007312557147079063,-0.22826983253567748,0.07406433561842118,0.0019622212472969105,0.020760113955848397,-0.0222180674546324,-0.7082245380101477,-0.26727261544527736,0.045611746148541465
Belgium,2009-Q4,0.00890050917030442,0.003813130050253263,0.1942792566008403,0.07207313008420169,0.0022736575890287105,0.0003757202719753814,0.00637127892672695,-0.8548076083106086,-0.27719140361185945,0.04431998002769305
Belgium,2010-Q1,0.0056967105935038205,0.0027345101662958633,0.30862573878254207,0.055554526071689425,0.00358128669756171,-0.006966009528463631,-0.023061572858885663,-0.7601507123809236,-0.2746189347775192,0.038839484556393744
Belgium,2010-Q2,0.0019240670683464205,0.0020666327115827633,-0.003562197159561499,0.058037460939723395,0.00220200943048871,0.010637621417837166,-0.0008895942341273812,-0.6794173332917779,-0.15210149301938491,0.040217362895125286
Belgium,2010-Q3,0.00043179859439912015,0.001913937334741763,-0.07670779446149659,0.0466830787157404,0.0003513674966206102,0.0025270556785432483,0.017187705982017795,-0.8380125591480776,-0.3096175326486842,0.030369480719097897
Belgium,2010-Q4,0.0005192354075327203,0.002174056513255463,1.1225792643583248,0.038770999792223426,0.0008532393429015102,-0.000362511812671358,0.00647030091932543,-0.8610433318953625,-0.3836789393750486,0.024492161031886506
Belgium,2011-Q1,0.0010870339962789205,0.0015580342308871634,-0.3561195462162846,0.03670119807039973,0.0024788626131285103,-0.0019882247229805763,0.006775991438163095,-0.8352022667071692,-0.47310254777916816,0.028958881231575306
Belgium,2011-Q2,0.0010340100754968205,0.0010662914061327633,0.04729372044975309,0.033475350819884175,0.0015506735629134101,-0.00770084364922677,0.010950376607654851,-0.9111673788892907,-0.5434547145057854,0.03347043976996733
Belgium,2011-Q3,8.405143058502025e-05,0.0026753008806802633,-0.2008571043708731,0.03350393760051573,-0.0002824468644090898,-0.006049189344118163,-0.008265047824664643,-0.8052854921435422,-0.5462099227080632,0.03476032619338959
Belgium,2011-Q4,0.0014615536294707205,0.005594507051638263,0.7987885751504636,0.032864099827834004,0.00021828390847431018,-0.003913412744953633,0.007518378135630718,-1.0052219500620092,-0.7043144398307652,0.03752910610603899
Belgium,2012-Q1,-0.00018593100732027966,0.006456999997307963,-1.1397177127565024,0.032770480599239704,0.0016909283340526102,-0.004129346656066376,-0.01688556914249673,-0.938220364117204,-0.7311461643021726,0.04589111399749157
Belgium,2012-Q2,0.0005697442659082202,0.005591037701358063,-1.0605589906827526,0.03403510890112371,-0.0006613780333945897,-0.008304457485778046,7.408567025479415e-05,-0.8605611542417251,-0.6413545752699633,0.04957273475436169
Belgium,2012-Q3,-0.0011008775305959796,0.006369068776360463,-0.3443613425469818,0.028663819988598682,-0.0003659843832585898,-0.004172613060589499,-0.007411201091363177,-0.7878394660674563,-0.5565951895568371,0.048187241719045815
Belgium,2012-Q4,-0.0016335092805483719,0.005518962111018363,0.14113516384387279,0.016002759747784756,-0.0004961648902146897,-0.006151266184550893,-0.021963302845380065,-0.6653616136079668,-0.8174265968015243,0.04198097709801357
Belgium,2013-Q1,0.0012470115858212204,0.004622876435609463,-0.41989339906320183,0.01867370269489599,0.0002429503990046102,-0.003703816042603976,-0.01420989518874705,-0.5515639830065784,-0.7050911216749307,0.046169598869871264
Belgium,2013-Q2,0.0010069449801091205,0.002803976096366963,0.5895850629202389,0.02943549336273832,-0.0005799504496238897,0.0058291800751017735,-0.005179072081963335,-0.6476232125375003,-0.837746001000285,0.05307886275997581
Belgium,2013-Q3,0.00239521429288082,0.002900320524443963,-0.0605097826452611,0.014356466249809907,-0.0005296808168435898,-0.003043097472405194,-0.005353138597529176,-0.6024585475721399,-0.8323634513868708,0.04318981470178829
Belgium,2013-Q4,0.0028124432925533205,0.002838196840709563,-0.3216961030786775,0.014245378024003275,-0.0007821038478835898,0.006459426314894016,-0.008288166802861378,-0.6145016095673239,-0.626378339240361,0.040069881842954125
Belgium,2014-Q1,0.0018565654897896202,0.0016278713826563635,-0.1312883444978684,-0.0006518668289456908,-0.00023165764867268983,-0.002451108398396713,0.014378935357273411,-0.5044507697253684,-0.5305829763818111,0.029530689183012493
Belgium,2014-Q2,0.0019179097825970202,0.002355632135045563,-0.1783710807120782,0.0012328635987381986,0.00015990833741291017,0.0026286185782051484,0.009175532539291927,-0.2653447137048266,-0.3826530200262639,0.02778321545641238
Belgium,2014-Q3,0.0013134385559242202,0.0029162426940726634,-0.2717166727229639,0.013615069211368791,0.0004109227715711102,0.010709574022687433,0.06723572951411172,-0.234011437089445,-0.42311936474407763,0.03113452419885465
Belgium,2014-Q4,0.0009013115184042205,0.0031205461734947633,-0.34396075817857374,0.023417947116767923,0.00024010742775401017,0.0016948710161379375,-0.046386558272841105,-0.24865899819905285,-0.13374496316076012,0.03511687264847346
Belgium,2015-Q1,0.00044540018053192023,0.003636511474833963,0.17186929115212699,0.047881552639487124,0.00146739136313151,0.007043555090591595,0.08745573914729676,-0.11708803358427289,0.11295801059202026,0.05120795436232889
Belgium,2015-Q2,-0.0014374553522036797,0.002014794183185863,-0.01146831340769771,0.018847904420049133,0.00194112426044941,-0.006087992408213368,-0.1131388769040702,-0.1334464714822109,-0.0009548331508042462,0.034832055619077706
Belgium,2015-Q3,-0.0017104738830115798,0.0015863135870836636,-0.3313229676130923,0.0355732037011367,9.95918053835102e-05,0.005257588044035059,0.02208486933423814,-0.10761912673323687,-0.09257418267686002,0.046494331315505455
Belgium,2015-Q4,-0.0036892492963397795,0.002739340736633363,-0.4356221392313168,0.02134300201111361,9.543069481874239e-05,-0.0006626364649769136,-0.002161518707184621,-0.13687156601482675,-0.01289893515180518,0.03817878075455822
Belgium,2016-Q1,-0.00448890216280188,0.002301990653750063,0.1051808473834471,0.05828592513926978,-0.0005648685696665898,-0.006573824066100216,0.021495414719485458,-0.3626283190133115,-0.42026361887941965,0.06762945631368528
Belgium,2016-Q2,-0.00608950225806298,0.003857227444038963,-0.3918433010685225,0.07379043079461822,0.0005224566347016102,0.012579445124371673,-0.020550480724656376,-0.25898374076518205,-0.39575651941123124,0.08020857020398381
Belgium,2016-Q3,-0.00706508693983908,0.003608968153209263,0.3454008430725233,0.06841931617223751,-0.0008848103733721898,-0.003514682393868569,0.07393200059883953,-0.1442493313865133,-0.1886329748084652,0.07651317642095667
Belgium,2016-Q4,-0.00600705870419018,0.0033426946277530633,0.9510830451630888,0.06987483405035744,-0.0011069171432532899,0.001163862854479418,-0.06591607248543041,0.00540909631542269,0.4787554320598817,0.07628267087286172
Belgium,2017-Q1,-0.0070502536821381795,0.002860952569546063,0.2804726344001567,0.051683460511434465,0.0003583854903257102,0.002423955522882408,0.010111446379106544,-0.010521341765491549,0.4747902020659176,0.06842474533790488
Belgium,2017-Q2,-0.00568552179223888,0.0020315894834763634,0.1717154744322161,0.041592117273743234,-0.0009814187258508898,-0.00028954788633053915,0.007955198967314777,0.10305048638048077,0.40195863988458425,0.0615689005692982
Belgium,2017-Q3,-0.00580411369013328,0.0017364509874899636,-0.07877799303039529,0.02403891743002906,-0.0023657242454424897,-0.005975087124651808,-0.011638317381182043,0.21934073673855245,0.4785413739487927,0.05057625165611529
Belgium,2017-Q4,-0.00693267863894858,0.0017831123032254629,0.46539792922118556,0.0266172289251021,-0.00215392413214199,0.0031140444609185345,0.0042693641044400064,0.3910998110831588,0.8868850476876846,0.05196168267224344
Belgium,2018-Q1,-0.0053967270815494794,0.0013311451509057633,-0.0357199015194597,0.013741419765259888,-0.0014140341977468898,-0.0024920854227694924,0.004670988324433131,0.6209256019257148,0.490399845128473,0.04588350147786274
Belgium,2018-Q2,-0.00626909783851548,0.001556183213031163,0.2676189787743926,0.016948989279865323,-0.00211914341276289,0.0063616847579641405,-0.005018937406717109,0.6558838924991492,0.6296233604914485,0.0478070879058074
Belgium,2018-Q3,-0.00760046065470598,0.0024704315361028634,0.41182366166743817,0.0016597091206789205,-0.0021444579119155897,-0.004263801271926966,0.0061743049314897346,0.6574619701655051,0.6169585462740685,0.040279588678973466
Belgium,2018-Q4,-0.008211865417536879,0.0025205751362882634,0.09585573804548919,0.00939772874933209,-0.00250339985994529,0.0067489701623219805,0.015751044766423524,0.5998179192539539,0.2502934335379181,0.04470923610259303
Belgium,2019-Q1,-0.00791041400520838,0.004369328468412464,-0.1036620980763602,0.007074370593169066,-0.0029428200804552896,-0.0017527431966417885,0.009689237559939775,0.8628561881048323,0.8352021883921854,0.04243241338524445
Belgium,2019-Q2,-0.00815658159590398,0.004250521956538763,0.005552031319572395,0.01055759594039074,-0.0011979694710939899,0.005781186152116617,-0.0035052526684269426,0.9124374352388166,0.8084458181765612,0.04279549348901496
Belgium,2019-Q3,-0.00759080739824478,0.0040917016975034635,-0.1272407663899835,0.0367165408605048,-0.0017057566924256898,0.016103907049453497,0.01359142524805201,0.9071799769021758,0.908401869005661,0.05309089085803881
Belgium,2019-Q4,-0.00555695276764668,0.004381223414736863,0.49270815546535607,0.030727010395459997,-0.0006988362326439898,0.007519816126341864,0.0020726372212556098,0.7964145043414439,0.9178372499381429,0.0449651944331837
Belgium,2020-Q1,-0.00693117300205628,0.003745040833877563,0.035820343868044696,-0.012476325994797088,-0.0004238713103283898,-0.038852367322890685,-0.03183924003360317,0.8718528824258351,0.49269087608798534,0.03206336387633646
Belgium,2020-Q2,-0.00573884389772078,0.004985809783301763,0.4845020191957258,-0.1389710890717597,-0.0007643196514718897,-0.15309330738597285,-0.18167810194228529,1.0296932344294354,1.0358002161016013,0.0033563825960875593
Belgium,2020-Q3,-0.00708769615602468,0.0021491776462305634,0.1716335539373123,-0.03581564812864113,-0.0004102870146110898,0.12876787237954976,0.16348324660743452,1.0590778397148357,0.8309907021946723,0.02817495405904319
Belgium,2020-Q4,-0.00689261438173718,0.0004482035780433635,0.14851016389793129,-0.02077880522520803,-2.4271934850190327e-05,0.005289563789881739,0.030549319093614576,1.0807386630965872,1.231450695916055,0.039602171354400306
Belgium,2021-Q1,-0.00646179362919518,-0.0015760215073829364,0.24722880493077382,-0.015581669704842094,0.0021585955635739103,0.0057704007052503375,-0.02111897499715965,1.0983370790401112,1.5199908640326043,0.04166378889333444
Belgium,2021-Q2,-0.007895077546259979,-0.0029616499779577376,-0.0166762355154988,-0.012696143539176141,0.0017500693102052102,0.013631450013484396,0.01474239809483557,1.0795889260963087,1.6347943412351953,0.03367008579312436
Belgium,2021-Q3,-0.01149814113416518,-0.001974957335209437,0.17751335939614418,-0.003976065413823893,0.00208838591071111,0.020227306215858193,-0.005852054375168118,1.201710440760819,1.7004623274914572,0.03828409846549313
Belgium,2021-Q4,-0.017396216105470777,-0.0017519228344814366,0.026556952459619393,-0.01698200885086032,0.0024327349987288104,0.003540412339686909,-0.01670581450888853,1.1440196897456643,1.7934564233828645,0.034972722577881865
Belgium,2022-Q1,-0.023261732486013778,-0.0007304192356015369,-0.05905158811436081,-0.04536409740720271,0.00241062790428801,-0.011262168900314536,0.004451653429951682,1.145637625776423,1.6957012641847877,0.030459335093444895
Belgium,2022-Q2,-0.02307975488013158,0.00044074140517616316,-0.1400554839922005,-0.047599524304808405,-0.0028211844564536895,0.005198654658478545,-0.0013447347697483937,1.2142132498480656,1.5928686377769041,0.02666849794975057
Belgium,2022-Q3,-0.02555702508630118,0.0033845391292650633,0.0641253568978878,-0.05167383597943309,-0.00249815801703269,-0.002149140323837202,0.008064146698137483,1.2202008902589003,1.599217967727358,0.031044879243981638
Belgium,2022-Q4,-0.025653622248161777,0.004696993879917963,0.1815539069905202,-0.07391087635090976,-0.0006996182819472898,-0.014129032442506103,-0.01001283388074881,1.1990688927855562,1.337811015644122,0.02867904103397645
Belgium,2023-Q1,-0.01528463279390078,0.004367037894597763,0.06713181750533749,-0.05850573137778592,-0.00426168814516349,0.024804678636190375,0.018622093725346508,1.212637517144486,1.3308514212275673,0.021660780026956594
Belgium,2023-Q2,-0.00982474492381208,0.003637434544697263,0.2386069753218568,-0.055562485551673424,-0.0017945033706998899,0.010479002228825222,0.03154095158170933,1.2876578288267433,1.4189087092937391,0.012290644072853185
Belgium,2023-Q3,-0.00564274503777298,0.0038873741106291632,-0.025098636540452197,-0.07336188218334283,0.0029249498468827103,-0.01012251117429311,0.005139709516797316,1.2291122851889005,1.4256038748049373,0.006238576839647986
Belgium,2023-Q4,0.0009543593680345203,0.003971138123373263,0.1372474457211367,-0.0676296196668551,0.0032799367856240105,-0.0040687143331830395,-0.08169319303915556,1.21718976465054,1.5432193153209466,0.011148242138687925
Belgium,2024-Q1,-0.00437338373380228,0.004218836137726463,0.2278285472797914,-0.07945267821982216,0.00445843287000351,-0.009754389527678627,0.024321462156027925,1.2109638667116442,1.7478930421195444,0.012602843289619525
Belgium,2024-Q2,-0.00601532517082808,0.002699386191515563,0.006617382432382399,-0.08487094910566095,0.00111872649549551,-0.0051928668156140684,0.033640807677457696,1.2748865133821725,1.852745254727597,0.01060862164161841
Belgium,2024-Q3,-0.00577329966646318,0.0028421535032648634,0.0763413760987085,-0.0915036172865662,0.0018881189105595102,0.001487657403128366,-0.0338342644025571,1.3299417320556153,1.8391322763763467,0.0072668346859288135
Belgium,2024-Q4,-0.00599436967264088,0.0028223888679188634,0.07288917924753299,-0.0984981922992898,0.0002836277340062102,-0.006231955505255045,0.00792521239029242,1.3916953554512972,1.948402313617701,0.004588049753799089
Belgium,2025-Q1,-0.00591527515871208,0.003301852076606063,0.07904081395224219,-0.1142050878544898,0.00190962527713931,-0.004947660607411948,-0.02568695427965984,1.305972044414454,1.656539456759828,0.0028663331358574906
Belgium,2025-Q2,-0.0029577537519770796,0.0029704158341341633,0.1171222615324064,-0.09793140795674304,-0.0029510074377667897,0.009219572118158907,-0.002460074104435387,1.3960979318051276,1.6213269240690031,0.002673275308099715
Belgium,2025-Q3,-0.00212685528469428,0.003290319364093163,0.112315322032146,-0.10485732639542267,0.00020526210742571017,-0.0037313515734922766,0.00781503052773069,1.4333208492123068,1.728744366098984,-0.000836833970335904
Denmark,1994-Q4,,,,,,,,,,
Denmark,1995-Q1,,-0.003481083757931814,-0.09237152735566803,0.01012809648007762,0.0009804783039619029,,,-0.07064922845296073,-1.0971887193184164,-0.09837988958121163
Denmark,1995-Q2,0.012761215368668047,-0.0028016287227628153,-0.44684965901284646,-0.00860348438828229,0.0014151782093708028,-0.012711745014891961,-0.016266923858326184,-0.04564202665307615,-1.107502327438773,-0.10307458056140029
Denmark,1995-Q3,0.012838772805418047,-0.0032235270796151134,0.29903142419358064,-0.015041102466746503,-0.0007002020419888971,-0.003685811783691805,0.04273162488053694,0.024734534575946654,-1.107276206767524,-0.10792926617823165
Denmark,1995-Q4,0.011455801746126145,-0.004686747520886214,0.32343902550203185,-0.017078268472722424,0.0002970961833467029,0.006744375069548126,0.04324048850809214,0.057190728620694964,-1.0952996302818836,-0.10947127719039365
Denmark,1996-Q1,0.010840894150416447,-0.005067354255797213,0.12965266586971017,-0.016891721856451714,-0.00022381642705069708,-0.001718674337059455,-0.09001361712305167,0.10822676726826375,-1.0656740075818134,-0.10857827628816347
Denmark,1996-Q2,0.010608782793155247,-0.005803171148892814,0.19200768911586208,-0.009868426074251868,0.0004785872691527029,0.012775537817198269,0.03631391962771823,0.1319480215933586,-1.028390059834155,-0.10646352224317335
Denmark,1996-Q3,0.009405746224711246,-0.0059817783516737145,-0.19961616169452165,-0.00698445130994374,-0.0015279771613207972,0.004776144121462834,0.030608826408669014,0.12123623077590939,-0.9958929226732351,-0.10745693460132597
Denmark,1996-Q4,0.007953248325209945,-0.004951652160412313,-0.21018920099804175,-0.016482116375946765,-0.0005151457141470971,-0.004878095385251456,0.0320496892049733,0.13429426876860706,-0.9721781245945086,-0.109435770104961
Denmark,1997-Q1,0.007401438325249547,-0.005272859730856713,-0.24153957421436004,-0.006773405549334033,-0.0006547115231113971,0.012339372065937894,-0.021011668729648665,0.22659815564062402,-0.9560497802478751,-0.10713929649237963
Denmark,1997-Q2,0.007875251080578245,-0.005460853568381913,0.6363220569609107,-0.0032058936665830817,0.0009009378192982029,0.00810819230945188,0.03835206855383121,0.24707621303830218,-0.9642132997972778,-0.10439667662833502
Denmark,1997-Q3,0.006229955060480546,-0.006271081009268313,-0.4531143058352619,-0.0140051185364094,0.0001943346451321029,-0.01220089857508637,0.020655865761276086,0.28730335418468256,-0.9750369356971889,-0.10494145871785535
Denmark,1997-Q4,0.006219785755669146,-0.006617092496691415,-0.626035538642,-0.007101272772624512,0.0004384858007923029,0.014043201879017487,-0.0018484119919288736,0.3188150342556013,-0.9822800229857045,-0.10284400542033265
Denmark,1998-Q1,0.004622955528442546,-0.005095914451614912,0.38755903955048354,-0.012028883870623508,0.0001230741586530029,-0.0027757756843503224,0.027245789243745204,0.41790243240338776,-0.9676788337642163,-0.10724539069333483
Denmark,1998-Q2,0.0042285323744518455,-0.006700067491317713,0.42667804342557547,-0.03948649677444638,0.0011367481915595028,-0.024449433108863203,-0.032635735525640815,0.46897687825007095,-0.9389329665733014,-0.11335798215678333
Denmark,1998-Q3,0.004421244055671146,-0.006669377527487613,-0.10041356635080864,-0.03375297084740736,-0.0005921367325165971,0.014578243443860784,0.02077057520933189,0.37345964873016047,-0.9092007252657943,-0.11585065920807311
Denmark,1998-Q4,0.003547336219941046,-0.004594708737434113,0.6442867547176402,-0.04060603165798682,-0.00037415542242359706,0.0022353658226563333,-0.011838195275293291,0.4134266858949356,-0.8353735612668933,-0.1200129136145715
Denmark,1999-Q1,0.001684600160682646,-0.004760865576887013,0.6994396960233865,-0.0322367036264577,-0.000731567874171497,-0.0059233190103427525,-0.003930571359860753,0.5717172925291936,-0.702419593195615,-0.109391555545969
Denmark,1999-Q2,0.001644704455549346,-0.006154901897413714,0.2520748324616291,-0.0313320184505923,0.00032303225516000294,-0.001332414563787453,-0.03563922336265569,0.6218832940498078,-0.5710911582347208,-0.10381718686715072
Denmark,1999-Q3,0.0030683689340327462,-0.008223487720478113,0.13137022332059978,-0.032743823649583836,-0.0005382176988792971,0.0010796995624548621,-0.0030987737963150755,0.5188369516458211,-0.49524354590605624,-0.10269594826906644
Denmark,1999-Q4,0.002569293244575546,-0.008708109005636313,0.5221276421422595,-0.021193245716669695,0.0006752724093080029,0.015980089426323077,0.024207282608479812,0.5391790406349581,-0.40163742581594675,-0.09866159798072607
Denmark,2000-Q1,0.0028827433503690455,-0.010570409285281815,0.013278554275439863,-0.014545654655533147,0.0007714667761528029,0.005871415988837071,0.07771762602253895,0.5441054482965335,-0.3532750457130923,-0.09329443288196687
Denmark,2000-Q2,0.0026027656798015457,-0.011330184394032515,0.06841109482702447,-0.010486438212160554,0.0025673828190040026,0.0031053292595454984,-0.02908821083806102,0.4458052010539295,-0.38605348524174443,-0.08659777824409381
Denmark,2000-Q3,0.003698331776264146,-0.010391002620208114,-0.31778305032397036,0.0020096430619604977,0.0014742451679874027,-0.0005759720056737628,-0.0251382693659088,0.5164360160616197,-0.3652313122286117,-0.07833037449324204
Denmark,2000-Q4,0.0037957711158932463,-0.009760146861894213,0.10656483760620376,0.01988409190796836,0.002933989963552203,0.024856963268330604,-0.04198829729443921,0.329213625546384,-0.4668255086419849,-0.07467880287966708
Denmark,2001-Q1,0.003056362257122346,-0.008326225589609115,-0.17869019496352143,0.007180805978373561,0.002122838805450003,-0.026118971402612032,0.011226368005895264,0.4292835455409725,-0.439567160487113,-0.07057969998295191
Denmark,2001-Q2,0.0031544995789354463,-0.006639905849498914,0.11843886943711687,0.0026890694891603673,0.0033158248759644028,-0.010727581609284486,0.025789296063083438,0.4917634076320141,-0.43079110824367806,-0.06377756096014528
Denmark,2001-Q3,0.0035374559168306462,-0.005995075500340313,-0.08831837815508092,0.019802807990112248,-0.00022280898651939708,0.005297914850286701,-0.013553709171693303,0.36728006592122386,-0.507572012386144,-0.05500793760855374
Denmark,2001-Q4,0.003441807945516146,-0.003440800665218513,0.33495380079549436,0.02550295368231481,-0.00017040759442319708,0.00218126628317168,0.02300213290788599,0.4474708880600764,-0.518189158381477,-0.05028672537591239
Denmark,2002-Q1,0.003064131910156946,-0.0029420960561374124,0.17852599140511816,0.004438552128847029,0.0007504020615491029,-0.015497362246943468,-0.024930200315089752,0.5112709698169182,-0.5589948600155752,-0.054542895784349066
Denmark,2002-Q2,0.004431020264862846,-0.0025875082211727143,-0.013023301615219834,-0.012785517427589044,0.0007674374359310029,-0.009151334934347987,-0.04506841991139466,0.3186528306158254,-0.6898468272494667,-0.060237942465415806
Denmark,2002-Q3,0.0030997122814199456,-0.001279345594139114,0.024554597290909558,-0.013331837242698708,-0.0023303180952206973,0.004204186871051575,-0.012606985512096276,0.37197584279200213,-0.7357403545320662,-0.06388618264331972
Denmark,2002-Q4,0.0019075036725375457,0.0028154491905527865,-0.006347449030627145,-0.03380642254339605,-0.0016251689975986972,-0.0075072566347956105,-0.014414253973249476,0.32661454120671407,-0.789876219728985,-0.07243628926538417
Denmark,2003-Q1,0.0005666696011872459,0.0033362254483176867,-0.1643835764117267,-0.039339434418453445,-0.0012194959160786972,-0.007826022815544719,0.02870278389528779,0.3245286312730158,-0.8073118928054592,-0.06611469695818775
Denmark,2003-Q2,0.001222657056086646,0.0037424787563424856,0.28183957790791225,-0.056445728105231296,-0.0012156312840022972,-0.022585739897717658,-0.07010682157332893,0.32269345246511727,-0.8046703893739693,-0.06775644533492145
Denmark,2003-Q3,0.002825497745367546,0.0001154799047175855,0.14780091769357345,-0.04723839264993002,-0.0030173017077950973,0.010814217502264923,0.05303597155105288,0.330326580154219,-0.7872419548045,-0.06770374302765605
Denmark,2003-Q4,0.004481209294360346,-0.0025342004785989143,0.5043306543737567,-0.04118023425992279,-0.0011216608468550971,0.016387379955951034,0.022552786441070165,0.23099150956567627,-0.7896555429904825,-0.06931948344156103
Denmark,2004-Q1,0.005042648908472146,-0.003955154424964212,0.17843384702593196,-0.028614980808439938,-1.063698514785518e-05,0.004576001146558496,-0.03175692002003628,0.2582408403635126,-0.7587269590494328,-0.060565201096467375
Denmark,2004-Q2,0.005097469298227046,-0.004171429101734014,-0.09581542691965023,-0.03404054059145478,0.0002932903814903029,-0.008918430230796347,-0.012226954314364054,0.26276287368416207,-0.7314499403549396,-0.0588136632890445
Denmark,2004-Q3,0.005079191820104946,-0.003414699131659215,-0.3138462135966348,-0.019800207598944075,-0.0018051601804987972,0.014477098927907007,0.04432867559404529,0.22396789898276048,-0.7160324939315652,-0.057062985081626716
Denmark,2004-Q4,0.0037688319719641457,-0.002560558078481514,0.4512457973024434,-0.009821022177563865,-6.0002112317837444e-05,0.013384012582994443,0.01477324835079629,0.08869137610741351,-0.7333429265349136,-0.05375693182829136
Denmark,2005-Q1,0.0032539093892428456,-0.0027797014936967145,-0.14525370541356866,-0.000929231043274692,0.0001501230439101029,-0.004187738840565601,-0.03659177734067987,0.15466179319754847,-0.6733308417710446,-0.04384876129961335
Denmark,2005-Q2,0.001291308243244246,-0.003396319909768613,-0.05163566119195642,0.009116302192905046,0.0019245686263901027,0.011981754128674594,0.04497845653870813,0.09845344947725887,-0.5777952769627784,-0.0359410860108062
Denmark,2005-Q3,-0.0006857746212025541,-0.0033371885566830135,0.3293777574692367,0.01368281768009516,-0.00040316629744499707,0.00129854176431894,-0.000354173247783425,0.11013073797751094,-0.4630301687671995,-0.0343474581492903
Denmark,2005-Q4,0.00019579889915594595,-0.004479601523819814,0.14495156084847408,0.035008322911301626,3.9463419236246126e-05,0.004124706415771185,0.029166115060168078,0.10641135119874345,-0.3728073277542353,-0.020831560379431402
Denmark,2006-Q1,0.00022358189526864572,-0.004796670852613715,0.3942652385101926,0.05708807374934799,0.0003790271139418029,0.008574723043155387,0.03140576353148505,0.30648145134156857,-0.08022048715405927,-0.008273259448992654
Denmark,2006-Q2,0.0015699929048460458,-0.005363902347294114,0.13814766439540827,0.07836828383713834,0.002100618947614603,0.022284316878241797,0.07919707975361989,0.3529949050579162,-0.1243373273462971,0.005996761685767349
Denmark,2006-Q3,0.001673344205441846,-0.003911456151997814,0.04743329272326517,0.08385274411851729,7.369864638785456e-05,-0.007310943771612387,-0.00625241611703365,0.35659035089659397,-0.0485678701034733,0.011452364245598312
Denmark,2006-Q4,0.001869609697559746,-0.0031737278736709146,0.17417760862926288,0.08346380446633961,0.0008626909290036029,-0.013833159153826146,-0.042740189281479164,0.3621112409990943,-0.06522981494551017,0.01578045726705518
Denmark,2007-Q1,0.001489799991818746,-0.003312405072117712,0.09510901267631136,0.09238190507396393,0.002055620556035703,0.008273622515416036,0.06387541306732603,0.5647775575506235,0.025364854749763577,0.021788301396459542
Denmark,2007-Q2,0.0033716652799450457,-0.004312421060424412,0.14432058826371208,0.06621398981861126,0.0013869288085894028,-0.018899597631937978,-0.054018237174623625,0.4657553990332648,0.005340008131606622,0.01794011675682139
Denmark,2007-Q3,0.004726466604116846,0.00046880264656318574,0.0008122208586737734,0.08339844560064313,-0.00025935853633389706,0.020453287568034953,-0.010001891428977235,0.43855962926014946,-0.0655874954953104,0.02107917990434577
Denmark,2007-Q4,0.0019283752791194458,0.002697389575674187,0.23360934068381067,0.10535026103402645,0.002574047733914803,0.007697045745745213,0.0016800399082819092,0.36263351683949585,-0.1364091030551633,0.036746323456592234
Denmark,2008-Q1,-0.0010945691255605542,0.0025459736331642866,-0.12032298443470621,0.09234411576470303,0.002247732269400503,-0.008149934598566987,0.008359777662310545,0.5113486195207617,-0.18637090853780036,0.041064042781031984
Denmark,2008-Q2,-0.0010022977479087541,0.004819952327816587,0.11057175665082836,0.08468551395394419,0.0017883437679977027,-0.019009607784797253,-0.0324996641819122,0.39583598610933124,-0.18676678836331395,0.045460759130203754
Denmark,2008-Q3,-0.002676411753455854,0.004880609906271387,0.06535501091338737,0.08563693651761728,-0.0011111924846345972,-0.005363359266747069,0.0019503991656688521,0.45119307665183883,-0.08407683605309058,0.04511291090826519
Denmark,2008-Q4,-0.001123634016831054,0.006558782793175586,0.23678972709821716,0.06442971406898101,-0.002741900386242097,-0.037188985602904664,-0.04667663066505901,0.5683180182899985,-0.20740653258132924,0.03954970714609729
Denmark,2009-Q1,0.00010568963716104589,0.011259585413304586,0.034306269133154765,0.02866827310421649,-0.002762314113534097,-0.054708022807876275,-0.06534384853776443,0.7711405449164286,-0.05831252945927812,0.034399531897819746
Denmark,2009-Q2,0.0015283697023191459,0.012682052158124287,0.27044191233078146,-0.01275128150525262,0.0009996643473602028,-0.03950527900477678,-0.12969709084744308,0.9278187832536677,0.03636527132906142,0.027374805900029164
Denmark,2009-Q3,0.002149006802924946,0.007312557147079186,0.3031183517625943,-0.0017437607022015023,-0.00045576436719959706,0.008703421714589111,0.026913166435662543,0.945650882386982,0.06946648554909651,0.03710925766488182
Denmark,2009-Q4,0.001363863114221646,0.0038131300502532856,0.21268580997151587,0.006592739599091235,-0.0007601968360030971,0.003620611644318884,-0.09838504673262305,0.9122221195354465,0.09661094615683097,0.045016864491521924
Denmark,2010-Q1,-0.0008443411632963541,0.002734510166295886,0.07028126139412917,0.01245904845403878,0.0001510634916985029,0.008497518387787962,-0.0172921178840233,0.8430343618920861,0.21388105304805527,0.051582551405988164
Denmark,2010-Q2,-0.002551147906505154,0.0020666327115826857,-0.05805128206323104,0.009310790580640882,0.0002578812015148029,0.003584738849628578,-0.001803673084646025,0.9653232173380244,0.1993051718605212,0.05026476861729556
Denmark,2010-Q3,-0.003947110852707554,0.0019139373347416867,0.30963841689363436,0.009350640060483473,-0.0010723410342944972,0.01371251311844719,0.0200830948020898,0.8409461474521371,0.22507426925909435,0.043486777191240555
Denmark,2010-Q4,-0.003860296856182754,0.0021740565132554856,0.23652652209207298,-0.006354784455534501,0.00012380425760560293,-0.008279238485176465,-0.02848056358286178,0.7585766742817495,0.3592538215770711,0.03327767145401278
Denmark,2011-Q1,-0.002878360492338054,0.001558034230887087,0.12720352460347736,-0.010767361388759111,0.0028839513257544027,-0.0007310468994053288,-0.015101761567531742,0.7241721223448916,0.35869920304496694,0.03726991806894331
Denmark,2011-Q2,-0.0038050978352923543,0.0010662914061327858,0.23162156917295376,-0.02427842716988704,0.001398143023980303,-0.017698908190242377,0.01407096691149378,0.7456306051672914,0.47145975285269803,0.03855336597184372
Denmark,2011-Q3,-0.004729987510445654,0.002675300880680286,0.05021261557534626,-0.020603420609097256,-0.0019225449439505971,-0.012068151766841994,-0.014686374483221971,0.8169305582927613,0.5487717831147727,0.04473642249000803
Denmark,2011-Q4,-0.005459843071966954,0.005594507051638286,0.12501191420390698,-0.007514967467951328,-0.001365099264923897,0.016241042019354127,0.002649684144204738,0.7013743744126293,0.6059661633178905,0.05089189881489575
Denmark,2012-Q1,-0.006195418652447554,0.0064569999973080865,0.16208440337755978,-0.017139487355346095,0.0007671770980309029,-0.018110888201158956,0.029646164045800998,0.6699396272700477,0.6432431823911333,0.05604737035267787
Denmark,2012-Q2,-0.005763335366336054,0.005591037701358086,0.037593967978796064,-0.016853637140386013,-0.000772174769337297,0.0023607679901899836,-0.023818155003757287,0.6277857946599426,0.6427607955494798,0.058996890165676275
Denmark,2012-Q3,-0.006907718975740454,0.006369068776360586,0.15956934923742105,-0.025481356935217914,-0.0020971722267247974,-0.0010688494780382463,0.0018794705768834172,0.5212914253585443,0.6859573936432044,0.05087137443682144
Denmark,2012-Q4,-0.006311481009998054,0.005518962111018386,0.2520703438262917,-0.017664606598776667,-0.0023142747054571973,-0.00870880345475915,0.002772148021963343,0.4527706779285403,0.6535088394608191,0.054510837208645635
Denmark,2013-Q1,-0.002127746939680054,0.004622876435609486,0.16576712976422298,-0.03673685938686777,-0.0005723629175375971,0.009726141086671759,-0.01431339563484136,0.3157936386453979,0.7891642462135555,0.04199895863765668
Denmark,2013-Q2,-0.0016018941132669542,0.002803976096366987,0.13731403488861807,-0.04039583058850571,-0.000734577281998297,-0.0016132842683056915,-0.006711631529602531,0.3026257697266792,0.7943669299590066,0.040573422403369364
Denmark,2013-Q3,0.00018571062982944593,0.002900320524443986,0.18382491537461587,-0.03257929031127027,-0.0013586757875625971,0.004493119134167457,0.044355607348232066,0.34008034471354076,0.8351363386398056,0.040355090023254325
Denmark,2013-Q4,-0.0001786398608992542,0.0028381968407095864,0.13119792719171608,-0.0486655866653154,-0.0004308214548131971,0.00010501379526668513,-0.03617865031828194,0.2726167700317228,0.7341491840592171,0.02819646680839122
Denmark,2014-Q1,3.707760782494592e-05,0.001627871382656387,-0.05672044001222162,-0.04806217895946285,-2.474353048467891e-05,-0.0012115950127249853,0.03463158108742669,-0.00158343651392312,0.2882610213533532,0.029333701721723948
Denmark,2014-Q2,-0.0004013303042084541,0.0023556321350455857,0.14576975824470187,-0.06331068470536949,0.00011472899186960292,-0.006608948056083407,-0.03087450731151576,-0.0884723109217358,0.3210206223234433,0.022425521832522832
Denmark,2014-Q3,-0.001109049904628154,0.002916242694072686,0.05604507564240886,-0.027487818208320025,-0.0011776599493623972,0.007457274531343884,0.025892715601163456,-0.1775779986965902,0.46825943605989284,0.040826406805387794
Denmark,2014-Q4,-0.0009515243506444542,0.0031205461734947863,0.21487565081675958,-0.02061946416111704,-0.0003415556919278971,0.006246156523287595,0.013493145495948593,-0.2036720440150377,0.5059753280092387,0.041574629150869236
Denmark,2015-Q1,-0.0034186066966642543,0.003636511474833886,0.0002792373111600577,-0.011088056603700602,-0.000934350968169597,0.0014231474927761233,-0.02126642710581051,0.5018088781543373,0.32794362064332416,0.046146092623690904
Denmark,2015-Q2,-0.002875324548317654,0.002014794183185887,0.12435817222513906,-0.023528936446937765,-0.0018310874639175972,-0.006353185691217832,0.027569910452089,0.15042590056955407,0.20340745268148797,0.042995808664484714
Denmark,2015-Q3,-0.001955085865407754,0.0015863135870836861,-0.23971659742539544,-0.006456688169556468,-0.004089094793873597,0.0019210335410643885,-0.01727455476325402,-0.012013267282541706,0.1208356366752168,0.05059787309765207
Denmark,2015-Q4,-0.0012016867426943541,0.002739340736633386,0.14844575383058575,-0.0032440917109961553,-0.0037339351415809972,0.007736367829604475,0.05642862049376384,-0.15965240736554276,0.07629639448066183,0.049230308637409015
Denmark,2016-Q1,-0.0015302587849151542,0.0023019906537500856,0.09252910806697917,0.007222128526295335,-0.0024341691486291974,0.005047141232266085,0.005129403250040181,-0.22203769099071224,0.166800343209611,0.05261812724253506
Denmark,2016-Q2,-0.0016012752861017541,0.0038572274440389857,0.09826986374870197,0.013051498757585267,-8.357083635669697e-06,0.0052398967154907005,0.02666858393008064,-0.3157390446744407,0.07478055671116324,0.057469832767003626
Denmark,2016-Q3,-0.0023621134431572543,0.003608968153209286,0.5372239088222346,0.02704914103259004,-0.0015965776964655973,0.004263000063175993,-0.0031794308577999322,-0.3586492516742996,0.29803087845724074,0.062384696964333075
Denmark,2016-Q4,-0.002224902579493254,0.003342694627753086,0.2914373746603608,0.03178765840956854,-0.0018288148877697971,0.02398147147847314,0.009630727360866669,-0.42273502952228426,0.6151998021380476,0.05894971339107652
Denmark,2017-Q1,-0.003633533736240754,0.0028609525695460856,0.21160729821814037,0.034043274923967304,-0.0010689425143853971,-0.00130871380343227,-0.021452258369451645,-0.4055258046801897,0.7939374577238774,0.060566080393723964
Denmark,2017-Q2,-0.0026593864914278543,0.002031589483476386,0.0003882445163588544,0.03635365929822709,-0.000566754548865197,0.00927904480540316,0.019123127878357675,-0.37995923721499414,0.5071567435074751,0.05960556579904708
Denmark,2017-Q3,-0.004192709346349454,0.0017364509874899861,0.15584051210274846,0.0070309433160613555,-0.000998572335852697,-0.02143304251195137,0.014355137162912694,-0.48401720373209556,0.5975506335764647,0.046775052472882606
Denmark,2017-Q4,-0.0038094630462766543,0.0017831123032253857,0.26800643142268005,0.0188624934652053,-0.002757036374730297,0.009359776290688472,0.019678840620820363,-0.48710424871397506,0.6535274528500554,0.04948079374066111
Denmark,2018-Q1,-0.0017009912762318458,0.0013311451509056861,0.05846286267280737,0.01861733978518787,-0.0020766672245607974,-0.0025092078019604436,-0.009121951285663517,-0.4562055279362467,0.904847684736428,0.04807949751626506
Denmark,2018-Q2,-0.003198998123756654,0.0015561832130311856,0.17714625881155957,0.015258435420913097,-0.0006075840150458971,-0.002056893025605121,0.08762784805312274,-0.4047040028698351,1.1024402112986198,0.05320315747346638
Denmark,2018-Q3,-0.003252735074123954,0.0024704315361028864,0.15294165060487447,0.01942067733570818,-0.0010729714627321972,0.008150057775946308,-0.1313412509870644,-0.44519289729046707,1.1248857549009614,0.05574954663959375
Denmark,2018-Q4,-0.003013216720933054,0.002520575136288287,-0.01353381664622133,0.021348118431047225,-0.0027929914458888973,0.0033741298554356824,-0.00515785889004184,-0.4545145949277657,1.1233486449760506,0.051883932613040085
Denmark,2019-Q1,-0.004199265117298254,0.004369328468412386,0.21080491134259197,0.026184640757945465,-0.0014906046717520973,-0.007503928049414953,0.04567527377238222,-0.6211437256105728,1.0651717470519062,0.05799051439509684
Denmark,2019-Q2,-0.003446807926309254,0.004250521956538687,0.17734379512651577,0.038117044281642976,-0.000553308347685397,0.00536456437977857,-0.034156081917414045,-0.6490276777736663,1.1566759175075119,0.06578516300456783
Denmark,2019-Q3,-0.003541332921105054,0.004091701697503487,0.15441012007050778,0.05407458513385355,-0.000877336652500197,0.004767875786516341,0.0045892719476179275,-0.7761253005088784,1.233754146512288,0.07390029512102986
Denmark,2019-Q4,-0.0036312628999804544,0.0043812234147368855,0.13479356704471745,0.06713954033409164,-0.0010541118091220972,-0.005464590955329073,0.010514728687672996,-0.8646209443516099,1.1416085170868413,0.0793396302670425
Denmark,2020-Q1,-0.003489187210915354,0.0037450408338775866,-0.37837406151802877,0.010460411372944622,-0.0003239023143052971,0.002994180772525069,0.011465817534727744,-0.884901908734553,0.7162765868761571,0.04436816805150223
Denmark,2020-Q2,-0.002375682769272454,0.0049858097833016864,0.26359766576497357,-0.0526875235587726,0.0008305763879143029,-0.07997622759261173,-0.05595266484533346,-0.6488360081126436,0.940214494275408,0.027193252963897963
Denmark,2020-Q3,-0.003539122191006454,0.0021491776462305868,-0.05191554200094933,-0.052082569490727204,0.0023433138948180028,0.07615422011569879,0.04872102347201101,-0.7306739862125279,0.5965334888457001,0.011922594976678247
Denmark,2020-Q4,-0.003590722528013854,0.0004482035780432863,0.30163318027108676,-0.0423165911023663,0.001402939068345303,0.0010525313446727146,0.09222049034034407,-0.751990281579397,0.6755846931519236,0.014891337261694892
Denmark,2021-Q1,-0.0035935896006644543,-0.0015760215073829138,0.38324545521212705,-0.02935043599950682,0.002425455915803003,0.011133047278839526,-0.011732130627315047,-0.8101181343986634,1.0530496622986705,0.022660277920707128
Denmark,2021-Q2,-0.005039843568171854,-0.002961649977957812,-0.013071355683167335,-0.01276166202629958,0.002242418333373303,0.014752206606553698,0.03948161606033595,-0.8549085633271023,0.942592110604515,0.026320531387876767
Denmark,2021-Q3,-0.006150278462450054,-0.0019749573352095123,0.09115178593018877,0.010187953780949721,0.0023372772354720026,0.03085692418055426,-0.005020341093224363,-0.7902720451389158,0.9161105169051706,0.03616473348749921
Denmark,2021-Q4,-0.008869294808038653,-0.001751922834481513,0.051955072732961266,0.04604003117423283,0.002207414598913203,0.03887251839165447,0.008474927010035042,-0.9084946114547838,0.8075507394423065,0.046122694234855044
Denmark,2022-Q1,-0.012255396540565955,-0.0007304192356015135,0.07893435428833037,0.03531047425239675,0.0023563463469859027,-0.0043882171962668515,-0.012725682532287681,-0.8543629119471958,0.6714248648331511,0.048999734840230125
Denmark,2022-Q2,-0.015952206636154053,0.0004407414051761857,-0.06493173664737883,0.029452073680480417,0.0015528594908288027,0.008519924273036451,-0.020075848072460108,-0.9985231669834334,0.47346347280761436,0.060338458510878934
Denmark,2022-Q3,-0.019227141175800055,0.0033845391292649865,0.21108656189368066,0.04099814879037256,-0.0011023203337497973,-0.004307064929619785,-0.032565484216044556,-1.1764640789801883,0.6564422503023748,0.07828031167431965
Denmark,2022-Q4,-0.017544138672610253,0.004696993879917986,-0.04064063515592092,0.003373279597999379,-0.002985975392053097,-0.039406022478926814,0.1185262327640424,-1.1708946576578554,-0.164069235107128,0.06877892025842158
Denmark,2023-Q1,-0.012522662540904155,0.004367037894597787,-0.06523665300570614,0.0014905544354049116,-0.003052525588797697,-0.013980679971082254,-0.1273963752513647,-1.1934161340466867,-0.24770867384363804,0.07152024887818847
Denmark,2023-Q2,-0.002819400117086554,0.0036374345446972857,0.08266072103213357,-0.04992041007330983,-0.002125643527787697,-0.03405006459174591,0.009930170391696518,-1.238497647840982,-0.14065339762088747,0.04528022850676078
Denmark,2023-Q3,0.0015568042664762458,0.003887374110629187,-0.11228550360882564,-0.08559249348887477,0.002016787440048103,-0.03274166549573114,0.0333187098136336,-1.3177964469039076,-0.450920910469078,0.04370990884822651
Denmark,2023-Q4,0.005563391699894646,0.003971138123373186,0.07042937781723277,-0.05706440336152607,7.896084746240104e-05,0.02582303124131964,-0.06627657007547283,-1.2922645288829395,-0.5078288836369966,0.056408941968910664
Denmark,2024-Q1,0.0033719890433993455,0.004218836137726386,-0.7839841985799324,-0.04653316953195874,0.004121225983060403,0.020451394185039676,0.031195459685930953,-1.2931768618833661,-0.9820194844345336,0.06473218074885112
Denmark,2024-Q2,0.0021414818400584457,0.002699386191515586,-3.9401803922706367,-0.03092559068688905,0.004085903732649203,0.015581201905522547,0.022187795587117247,-1.3318898069195428,-1.2914052334038124,0.07071719008750099
Denmark,2024-Q3,0.002351477222921846,0.0028421535032648864,-10.513963465035102,-0.024145354820331755,0.0048812748496190024,0.015791662624794214,0.007953916209507465,-1.3450490579576408,-0.46792506814425683,0.07196260808797633
Denmark,2024-Q4,0.00047822818708564583,0.0028223888679188864,1.3293552435297458,0.012264170069501756,0.0018146967781927027,0.03472985486026299,0.18807030846374007,-1.2638413284545125,0.6549841641579675,0.0809512919099229
Denmark,2025-Q1,0.000884627282614946,0.003301852076606087,0.6763526553736774,-0.017524548688137576,0.002615584772742503,-0.02472992898310271,-0.18752587451397273,-1.1317311074023948,1.2489323981243505,0.06859350086544658
Denmark,2025-Q2,0.0011942834426422458,0.002970415834134087,0.36374404729216514,-0.03593649122027498,0.00013617722873770293,-0.014936280437700277,-0.06576089090280268,-0.9939122208921782,1.588588831425554,0.05813253482880221
Denmark,2025-Q3,-1.5425043661454127e-05,0.003290319364093186,0.5152708276538716,-0.0302261205771559,0.0016094615876726028,0.004114364996771825,0.04412188663522664,-0.9505169816496756,2.314425222516652,0.06668932495687035
Finland,1994-Q4,,,,-0.19564126948445404,0.0039569844627337794,,,0.7217735041796114,-0.5916885813996144,-0.028591773792868813
Finland,1995-Q1,0.01639614023538129,-0.003481083757931812,-0.1627401494996195,-0.1892196959555117,0.0027813089762497804,0.004077106622618539,0.06869643235561265,0.635743562076043,-0.5556476307555245,-0.03535347678734996
Finland,1995-Q2,0.014909382719229293,-0.00280162872276281,1.1783570606007068,-0.16568436273303466,0.00273222857125238,0.030401614685146378,-0.012052911170573468,0.5108353634169618,-0.7119119378286007,-0.03868578798621963
Finland,1995-Q3,0.015624142692158192,-0.0032235270796151117,0.2300889468020057,-0.17213066409786992,0.0023331411071095803,-0.009211881860555186,-0.009520314981426994,0.36480502817740534,-0.8007151253954622,-0.04641755205527781
Finland,1995-Q4,0.014928575561150091,-0.004686747520886212,-0.710924308160865,-0.1737864671708773,-0.00034813283650181976,0.0016941896454657785,0.04431701389944545,0.3279664040924799,-0.5889728494528876,-0.05558005510305705
Finland,1996-Q1,0.013238816709266393,-0.005067354255797312,-0.09626459872050389,-0.17301245766938345,0.0002680492998773802,-0.002440013667181466,0.03331288275159397,0.3135058956359622,-0.5704119828594427,-0.05615489961794837
Finland,1996-Q2,0.012736164913379491,-0.005803171148892812,0.21603030518008792,-0.17059802142871172,1.4643233650984984e-05,-0.0012829453673080787,-0.010863081386607378,0.20432605160221717,-0.6077218801027157,-0.05501298255265405
Finland,1996-Q3,0.012345837433201891,-0.005981778351673713,0.4398307182989959,-0.165786679238888,-0.0009648239734329197,0.00047561824630340706,0.024604201602735385,0.1562163773720291,-0.6681720950001698,-0.05512339559028209
Finland,1996-Q4,0.010186961354771292,-0.004951652160412311,0.4312217817296764,-0.13952048942868256,-0.0009756792469563198,0.02923492220045501,0.012700168678349142,0.0574041399425409,-0.7614186656419661,-0.05199063587862293
Finland,1997-Q1,0.009802621252925092,-0.0052728597308567115,0.1636337330001939,-0.12242015753194169,-1.83057434386807e-05,0.010519614087197178,0.03357980665486418,0.22754745562110923,-0.8696479632173815,-0.04734002160335182
Finland,1997-Q2,0.009105128753489091,-0.005460853568381911,-0.017115803570797193,-0.10880847584271969,0.0014509812692574803,0.012414806979565237,0.025993907101523304,0.1605752096986306,-1.0106336478364724,-0.04239584300439306
Finland,1997-Q3,0.007274128026789192,-0.006271081009268311,0.32275994001495023,-0.07899113055876916,0.00046715599866138023,0.027053185599310275,0.0028808174990730163,0.0627045841145808,-1.1908113070548523,-0.03627698386610356
Finland,1997-Q4,0.006079660050049991,-0.00661709249669141,-0.29284024024531397,-0.0477142205154808,-0.00025301842379351974,0.0359219920995614,0.05020358015316165,-0.015577234561623188,-0.8387154244987656,-0.03195756562025939
Finland,1998-Q1,0.004657622237098992,-0.00509591445161491,0.5796334018675344,-0.04457538760931312,-0.00036315636720831975,0.002867602682525979,0.015474982133841051,-0.03438027183281589,-1.1672131964455559,-0.035923270849550354
Finland,1998-Q2,0.005028843719588191,-0.006700067491317711,0.4014381159388372,-0.03413878374530821,0.0012543719203559802,0.014862730146487787,-0.01907526124500433,-0.051782997998391034,-1.5215529340471778,-0.037568411781949945
Finland,1998-Q3,0.005279232937938291,-0.0066693775274876115,-0.0825725548428341,-0.026732252429912062,-0.00017885099834901978,0.0077657469921522965,0.07202534622445614,-0.13687407920304562,-1.339319765045558,-0.041126858437652625
Finland,1998-Q4,0.004742535654089691,-0.0045947087374341115,0.5985180991166847,-0.02906373940913065,0.00035212857881608024,0.004908429445950853,0.006023839932299522,0.011006697304006385,-2.092797229300357,-0.044863717340287684
Finland,1999-Q1,0.0048205515499364915,-0.004760865576887012,0.17048812765646731,-0.0037600972093656537,0.0011058967079461803,0.01773071306528498,-0.0016010630215045028,0.006613792908527039,-2.4336167426444972,-0.03652236813269624
Finland,1999-Q2,0.004290202670139291,-0.006154901897413712,0.0745706422543074,-0.006268343991735925,0.00408226960270058,-0.005776230515591811,-0.009352453944759889,-0.0680905624982211,-2.822893060236658,-0.032009281295042324
Finland,1999-Q3,0.006490641114925691,-0.008223487720478111,0.03241180205077211,-0.0023407072247494387,0.0024683171881442804,0.010646132426705231,0.0038617258526966493,-0.0867367697493242,-2.8407384025260383,-0.035064948631018056
Finland,1999-Q4,0.0062793327468278915,-0.008708109005636311,1.1122458510557118,-0.002668113190223531,0.00576156581952148,-0.008982568578044995,-0.006448766329175983,-0.28441146656931227,-6.241498423193948,-0.036814737293719535
Finland,2000-Q1,0.0045637328028461915,-0.010570409285281813,0.0697337320064299,0.010605188096724394,0.00613309749848028,0.020375653916157838,0.02741697317200834,-0.4738081064369941,-6.901863749866356,-0.030344328019422856
Finland,2000-Q2,0.004029034565668593,-0.01133018439403251,-0.1406054181019321,0.0145674125051245,0.00597345090026208,0.004370055202325725,0.01753238347974576,-0.4831205294497839,-6.548151325372532,-0.026558259480571472
Finland,2000-Q3,0.0024465319912207917,-0.010391002620208112,-0.30163582504814057,0.043673796218058225,0.0029567822736072803,0.01705611906744378,0.008083573956500088,-0.29152158775446013,-5.087248967747916,-0.012122285655791626
Finland,2000-Q4,0.0017336316505987917,-0.009760146861894211,0.1102201616583222,0.05577694024272928,0.00282013918383488,0.008454389115232582,0.02068518314677884,-0.2819941279094389,-5.1411282595022945,-0.00867586859423397
Finland,2001-Q1,0.002351473543341692,-0.008326225589609113,-0.5867095243167206,0.06724195545790979,0.0004157341861546802,0.014185066866936021,0.010873315243917245,-0.29270684893920484,-2.6207393583653302,-0.007436891919326671
Finland,2001-Q2,0.002320896378812592,-0.006639905849498912,-0.113703246746412,0.05276163739863282,0.0025964349657675804,-0.017826755392386623,-0.033783711620089724,-0.38377242467800743,-2.536139883671647,-0.007766632339979457
Finland,2001-Q3,0.003664123308416592,-0.005995075500340312,-0.3395484793876617,0.052692902895057125,-0.0021834359845870196,0.0013392181287411892,-0.0024478799606032185,-0.4242660427562299,-1.6192598824012485,-0.01253638127428866
Finland,2001-Q4,0.004589334683350993,-0.0034408006652185113,1.0719489045296713,0.03616073505337947,-0.0010170058897423196,-0.013200730025650335,-0.029364522479807222,-0.4056638497352074,-2.8682288638654434,-0.021829828593768724
Finland,2002-Q1,0.004996098049153491,-0.0029420960561374106,-0.2547830908706658,0.056419811296859024,-0.00016138678627271977,0.0006192775330081963,-0.02560114882512562,-0.3398913005284343,-2.2177791501860726,-0.0060280499250286446
Finland,2002-Q2,0.007153333024899991,-0.0025875082211727126,-0.4261240709763018,0.04765379175128004,-9.487940284491977e-05,0.00029700142193048347,-0.0015105673664211582,-0.4986729470170417,-1.1669581101600592,-0.010308937722407818
Finland,2002-Q3,0.005953881086642191,-0.0012793455941391123,-0.006033227452408592,0.037246200255729,-0.00311305608707242,-0.007832461494875124,-0.01647832472035046,-0.4539100748018996,-0.9062862011750288,-0.015814662538466445
Finland,2002-Q4,0.005000491067370692,0.002815449190552788,0.6980315865302834,0.035449945152753015,-0.0019271015784902198,0.006557896997467035,-0.016860683157331992,-0.5910343516995332,-1.2936529993721952,-0.022563043737110988
Finland,2003-Q1,0.003921588299773791,0.0033362254483176885,-0.2570917454858457,0.020978995743950568,-0.0023201762689388197,-0.016123464656063596,0.007772267353311078,-0.655757986323745,-1.0094399974722006,-0.024699042317736092
Finland,2003-Q2,0.0057813741339400905,0.003742478756342489,0.1307238650335074,0.028955991174672624,-0.0018931491522205196,0.0012625713898299102,-0.006940439200462025,-0.9034739160628571,-1.3084451837470181,-0.020483387206367776
Finland,2003-Q3,0.006848982963930592,0.00011547990471758897,-0.1506866039034797,0.038556858855985476,-0.00283021749867352,0.007017820092689727,0.03294149545249328,-0.8424949987707222,-1.124684520008216,-0.021257834686700117
Finland,2003-Q4,0.007858676487447891,-0.0025342004785989126,0.109289383260448,0.04323218045687227,-0.0010631227187795197,0.0025213405572885057,-0.0038357616946945415,-0.9698471508998181,-1.2252134599076827,-0.019667400188169898
Finland,2004-Q1,0.008505170664480791,-0.00395515442496421,0.3296219064880335,0.05695061900384313,-0.0009268149960067198,0.011211748474699997,0.018052731255250008,-0.9522253870456396,-1.3744751769368913,-0.016273798465292727
Finland,2004-Q2,0.00925025717960649,-0.004171429101734013,-0.5382517524307516,0.06380781561469817,-0.0018045458943574198,0.0027505921211134227,0.008098930982529593,-0.9212418384590791,-0.7931981117666409,-0.014420622988329218
Finland,2004-Q3,0.007861353937162191,-0.0034146991316592133,0.03380290500249461,0.06670337247305169,-0.0022146833527668195,0.005996214221525216,-0.003161619806898743,-1.0031950398988991,-0.691878512199442,-0.01587947248017052
Finland,2004-Q4,0.006638129780252692,-0.002560558078481512,0.43335000375578203,0.07425673130557287,-0.0014678976098216198,0.012373476756921827,0.024099202539374174,-1.1124135843930203,-0.7715927766484414,-0.016409158189789885
Finland,2005-Q1,0.006379783540140292,-0.0027797014936967127,0.10024110315591521,0.08441023698758632,-0.0020812825694001198,0.011200666923533527,-0.022513024021098973,-1.154656432667948,-0.763061215001111,-0.015966667146488006
Finland,2005-Q2,0.0046496946424374914,-0.003396319909768611,0.5005390980650968,0.07095493030784317,-0.0007973219193346199,-0.0259172496866181,0.04412230487809135,-1.054947307371887,-0.9569289191793151,-0.01582666054501311
Finland,2005-Q3,0.004735721701749192,-0.003337188556683012,-0.06443882446209599,0.07526671725857037,-0.0010870386078849197,0.00978357262153798,0.010581968050433686,-1.135083342427219,-0.8841326133769727,-0.018089887304849533
Finland,2005-Q4,0.005396878492920391,-0.004479601523819812,-0.007997100764441593,0.07704907785966708,-3.0690698161361046e-05,0.003961180173525898,0.0024371513714624184,-1.0960977271908368,-0.949412310392546,-0.018391232667356844
Finland,2006-Q1,0.004697602300951691,-0.00479667085261371,0.7564876003659685,0.09498177492307258,0.00045401204314408027,0.014812659186142748,-0.005670122365647758,-0.9957019579596575,-1.188438737965321,-0.01009528524041911
Finland,2006-Q2,0.004334957099537292,-0.005363902347294112,-0.1545445062482345,0.09117551914000899,0.0016769686685895802,-0.008009283117097558,-0.019012877928378105,-1.0640016330608624,-0.9293486732891545,-0.006345606693502648
Finland,2006-Q3,0.003925212977690492,-0.003911456151997913,-0.11257391800900099,0.10295591186827835,-0.00027122167628591977,0.010346464287353337,0.01561333462325801,-1.129655216098656,-0.8849103105741436,-0.0037266037775143257
Finland,2006-Q4,0.002954947291730092,-0.003173727873670913,0.10677820779764301,0.10007548937733102,0.0005872802880042802,0.0072777629448378695,-0.014439751175142037,-1.1790888778020971,-0.9296979263520797,-0.009053412679067507
Finland,2007-Q1,0.0027780599807471916,-0.0033124050721177103,0.48918486030541614,0.1202732029224145,0.0007061476752475801,0.02027325703272856,0.06504760290966952,-1.1641143831668361,-1.0777945021500692,-0.003385354360341014
Finland,2007-Q2,0.0034417257139405916,-0.004312421060424411,0.5079150698567382,0.12898622151421546,-6.703738261582054e-05,0.013514069358206678,0.03995482939720932,-1.1971031120946116,-1.3527723469045179,0.002234740701509197
Finland,2007-Q3,0.003633324895544692,0.0004688026465631892,0.6571914082690665,0.13422418052660245,-0.0012138890849612196,0.005436518898324446,0.0031363490481383406,-1.2596612951984447,-1.6801212433530919,0.0017221450741048416
Finland,2007-Q4,0.0026968480325863914,0.0026973895756741886,-0.097322502487164,0.1473462009445119,0.0006980859388876801,0.00851139612780086,0.005324699032338485,-1.258171243887117,-1.5306021651031665,0.007066121083704774
Finland,2008-Q1,-0.0006316430475349082,0.0025459736331642883,-0.1244508497734512,0.1292132999701756,0.0013865629184315804,-0.014646516707625372,-0.005112133430857115,-1.262499955511356,-0.9964538328165085,0.005429737572424265
Finland,2008-Q2,-0.00019730852756540823,0.004819952327816589,-0.6435502250324695,0.11834868302531865,-1.662431650564446e-05,-0.02167445737769777,-0.012592527643550868,-1.2556787209908167,-0.6629654674648842,0.011461925439554932
Finland,2008-Q3,-0.0015117576211028081,0.004880609906271389,-1.1129077758283108,0.1218306353616998,-0.00236912892515102,-0.0007109460182966581,0.0007590745779627907,-1.137046371890961,-0.2682570403913591,0.017199299155028158
Finland,2008-Q4,-0.0010263534198500083,0.0065587827931755886,1.4354608890145966,0.10018203188664931,-0.00492543166862392,-0.041334242417504136,-0.06114533015905818,-1.058767740942179,-0.4125487459139892,0.01742445656418362
Finland,2009-Q1,0.0034701234366771917,0.011259585413304588,-4.478526200365202,0.060327879735070145,-0.0064240302613589205,-0.06058383647210194,-0.06249247989148107,-0.7844199882979733,-0.10147495337295942,0.013378358591912443
Finland,2009-Q2,0.006922097054351491,0.012682052158124289,-0.7325238029870025,0.04805460514673099,-0.00295877672516072,-0.02562887873258321,-0.05599084251269834,-0.723215273158125,-0.21807705491441481,0.016926368595697933
Finland,2009-Q3,0.008831614575504092,0.007312557147079188,0.13574962840609772,0.03405919216477993,-0.00269469669451322,0.004071193317498308,-0.01671828470108946,-0.7247338699327026,-0.015818931183046114,0.007369275835036715
Finland,2009-Q4,0.008798222907409892,0.003813130050253289,0.23332333609150213,0.022089991118700913,-0.00248855072596092,-0.0059793791978325055,0.02191614543911494,-0.5478892636233581,0.30408788943837944,0.0031632701222713278
Finland,2010-Q1,0.005179892648111091,0.0027345101662958893,-0.39494759151413056,0.023466539628654193,-0.0010997761382339198,-0.004364272546114682,-0.04461035340431527,-0.4116297351963297,0.4894593121948289,0.009370088751585293
Finland,2010-Q2,0.0023598311752918914,0.002066632711582689,0.24194182946334591,0.04861231304046387,-0.0006902918871245198,0.030512367926796152,0.045427957303821126,-0.30134884079333824,0.8914352484951813,0.019862907396807655
Finland,2010-Q3,0.0011098773504104919,0.0019139373347416885,-0.147760529531102,0.046004650404086744,-0.0028714552164156196,-0.006775444750619945,0.009203424988805251,-0.3774172983754335,0.8541077475336738,0.017312837237155154
Finland,2010-Q4,-0.002168036888954608,0.002174056513255489,0.10817111057769781,0.04888416871745327,-0.00044472074708451975,0.016716306971966383,0.016012650157127082,-0.3776826847253406,0.943778317902733,0.014578177968757905
Finland,2011-Q1,-0.002562474365763751,0.0015580342308870888,-0.039257041144030794,0.04540773465872827,-0.00021297770698471978,-0.0037409456732951634,-0.040317440667450105,-0.3640713165033751,1.0150181653836263,0.017852313153541993
Finland,2011-Q2,-0.002966493140358608,0.0010662914061327893,0.11101411310143501,0.037111948061733235,-0.0019222047609777197,-0.011145766730017518,-0.0010925364334069786,-0.2943967416888813,1.0727200406558042,0.016367799268887012
Finland,2011-Q3,-0.0057514083871312086,0.0026753008806802876,-0.029836455487755195,0.036383899290740596,-0.00406312483759012,-2.9675102777152948e-05,0.012788038214920503,-0.3361237904851839,1.020903400023047,0.015033468906230085
Finland,2011-Q4,-0.005175542495776308,0.005594507051638288,0.096122301065993,0.029731902465838678,-0.0028796464036018195,-0.008675677596619328,0.009698633429391732,-0.16787224028241732,1.039850337505703,0.0152779920916499
Finland,2012-Q1,-0.005793652322139008,0.006456999997308088,-0.0720839379017795,0.02048500102378248,-0.0018182894356188197,-0.015348957111179421,-0.004527823256700616,0.12172292894546088,1.0190730895459412,0.016458095483859625
Finland,2012-Q2,-0.006731931693872309,0.005591037701358088,0.12676219751342932,-0.00034791123858890494,-0.0028977188642956195,-0.016372781952331245,-0.026886800350410214,0.19785733191654176,1.2121184393516957,0.012909657509746653
Finland,2012-Q3,-0.006868699962562109,0.006369068776360589,-0.002663849076871394,-0.004780412366657272,-0.00435272643296392,-0.007051070571691602,-0.002046899592287845,0.1935814728183347,1.2672454200120906,0.011281555089225764
Finland,2012-Q4,-0.005851887981951609,0.005518962111018388,-0.056581371120160595,-0.007887432013331086,-0.00362768121320332,-0.003144059035996653,-0.03331636386465417,0.24008551999776362,1.303449380532866,0.012072491124853008
Finland,2013-Q1,-0.004367436607170208,0.004622876435609489,0.026031114641562804,-0.005837213708422828,-0.0025236626195189195,-0.011016182603901773,0.004408453160828527,0.43593411791633874,1.469062720476864,0.0189757414824058
Finland,2013-Q2,-0.003864172926341708,0.0028039760963669887,-0.07546090148788359,-0.00741795600619044,-0.0016186824846483197,-0.0031485703068255527,-0.038070881669560824,0.328150013349783,1.3820014248376011,0.01951470241859657
Finland,2013-Q3,-0.002514921496563808,0.002900320524443988,-0.1106041184151973,-0.0039938973225712715,-0.0024857392263226198,0.0056310240988338995,-0.02570499351274255,0.3472561637356175,1.2602614769289198,0.01883829888223737
Finland,2013-Q4,-0.0027105037880194014,0.002838196840709588,-0.028396164566125193,-0.007633378674417601,-0.0009105282495543198,-0.007501448445039164,0.01181358300197469,0.32047569680427745,1.1570858311058148,0.01865422486790838
Finland,2014-Q1,-0.002732820672774544,0.0016278713826563887,-0.029599729218200293,-0.020059997043928135,-0.0007761783821098198,-0.010702707599540366,-0.033097489069359914,0.33017919867146195,1.0953555472393586,0.01501944350991588
Finland,2014-Q2,-0.002513517435377508,0.002355632135045589,-0.0681455890157401,-0.023239540628303468,-0.0010332106080109197,-0.0014910762288347906,0.0054480926269694675,0.42964730812152774,1.1235249337207316,0.01349509806440094
Finland,2014-Q3,-0.004188517401160608,0.0029162426940726877,-0.08573997720549979,-0.021803091764915683,-0.0020434546174029197,0.00037909916175108034,-0.00336089741040543,0.44911179449510485,1.0794788669444195,0.013347706123221642
Finland,2014-Q4,-0.004118164260062008,0.003120546173494788,-0.0711104609085341,-0.009373042927824704,-0.0018501650304612197,-0.0034078209037232392,-0.027399262275630578,0.40403225403100906,0.9387453763110687,0.02430585894890744
Finland,2015-Q1,-0.0026248748147824326,0.0036365114748338877,-0.0003579594616531928,0.00803432015542227,-0.0020201941946857197,0.0012129567819802196,0.008344481040535454,0.279860922581753,0.934761766215561,0.03204228953637747
Finland,2015-Q2,-0.0016653524063068082,0.0020147941831858886,0.07510391798529421,0.02747632214091178,-0.0005360986673108198,0.01341559597759426,-0.01065024494921393,-0.004981563660637622,0.9309336850139371,0.04044726387975528
Finland,2015-Q3,-0.000512307682866408,0.0015863135870836879,-0.2448803980697234,0.0335415349086714,-0.0007895687176754198,-0.0010944878278017194,-0.003144307761126699,-0.010154615555545865,0.9289158885050295,0.043710762982284546
Finland,2015-Q4,-0.0008156178611123082,0.002739340736633388,-0.1250122723373388,0.023866104831536505,4.8055805121213513e-05,-0.002231355019052776,0.027144134909378535,-0.07218417547432066,0.8468312109510261,0.03570822481611574
Finland,2016-Q1,-0.0020588672165503083,0.002301990653750089,-0.1113179683717116,0.02718979688704537,-0.0011663441099477197,0.014154270716387226,0.03239740602855337,0.01852676326263447,0.9273556292424563,0.03005045578883994
Finland,2016-Q2,-0.003526976797005208,0.003857227444038989,-0.1009810741544423,0.009652543612853615,4.216682405662895e-05,-0.007378840564529502,0.03451484085999193,0.07721191336305777,0.8778731893782432,0.023837642547282628
Finland,2016-Q3,-0.004748266420366708,0.003608968153209288,-0.11053700054201229,0.012025052858622765,-0.0012803700904145197,0.015476004807447959,0.002364370490163834,0.12737205057986345,0.8897274564651587,0.019986028623820012
Finland,2016-Q4,-0.004900756891834009,0.0033426946277530893,0.018986376071809204,-0.0009785187064323964,-0.0005680699169497199,-0.013253819009367921,-0.017018218716011804,0.17789404950328747,1.1135057680736362,0.01398742360280375
Finland,2017-Q1,-0.005631064098533008,0.002860952569546089,0.04992491633534801,0.01709208859863831,-0.0017149968634541197,0.027489936674074095,0.020503833653759882,0.44779217535246696,1.2473193733355896,0.01898521703923106
Finland,2017-Q2,-0.005085949373005608,0.0020315894834763877,-0.1778966667775258,0.025466361135396687,-0.0002120699842680198,0.0029055387599520605,0.00951453968459762,0.37362390320411065,1.1422931472003093,0.023199364116870513
Finland,2017-Q3,-0.004360212581005408,0.0017364509874899878,0.03983551634644601,0.03419597671983721,-0.0007726232417792199,0.0010657346850188338,0.03007514099916878,0.35502842981150384,1.1661337134001082,0.026581097201189063
Finland,2017-Q4,-0.004502570096973508,0.0017831123032253891,0.12997969896103462,0.0444218977568942,0.00015480221034658021,0.009107743920214214,-0.014285424133341964,0.367447350829595,1.2228622837198566,0.030662261620321346
Finland,2018-Q1,-0.004753435763291408,0.0013311451509056878,-0.2660307553348471,0.04683971814974308,-0.0007285200495381198,0.003869783188386629,0.025358305670223045,0.5970412838652881,1.2713747412527883,0.029837703307911106
Finland,2018-Q2,-0.005848141255364608,0.001556183213031189,-0.126184624331716,0.03777082263744713,0.0006354952277494802,-0.011408538839053099,-0.0023951957429498537,0.7589208292999696,1.3448618242766688,0.029352482650408407
Finland,2018-Q3,-0.006850621729865709,0.002470431536102888,-0.04473710012483889,0.03502752267659237,-0.00024546557655281975,-0.0019848130048817064,0.005204273333899421,0.7515005954350225,1.375097574828878,0.02778945292057236
Finland,2018-Q4,-0.006362669090744008,0.0025205751362882885,-0.11727713075004059,0.028428377355569134,-0.0005004346353529198,-0.00040767673281147214,0.004469583409089237,0.5404323631745513,1.2144070952131163,0.024125454616664543
Finland,2019-Q1,-0.006664962104558508,0.004369328468412389,0.0381442075933177,0.03486865562557151,-0.0011219191118376198,5.0735236372697126e-05,-0.01986331837785568,0.623493190612012,1.3239513529465894,0.02521650636580533
Finland,2019-Q2,-0.007318557869591609,0.004250521956538689,-0.014757703406699893,0.025843585876748065,0.0009804328820373802,-0.0003709739835805175,0.004273366045521341,0.6141104782947142,1.445015556858587,0.021783917646869544
Finland,2019-Q3,-0.007880140438559509,0.004091701697503489,-0.02598019500533799,0.023974259711902368,-0.00031804501994051976,0.0010396566788732093,0.0012150738817852426,0.6600383299699495,1.4509370263891626,0.0200140257030742
Finland,2019-Q4,-0.0071003688090809074,0.004381223414736889,0.09479385920270551,0.016563460945924646,0.00024899970579338025,-0.001624127927590228,-0.010981598761058722,0.6564533095623195,1.4375796838251331,0.016094385460983407
Finland,2020-Q1,-0.007474394203021208,0.0037450408338775883,-0.36250479894531557,0.023625296719893774,-0.0001361489341081198,0.004595770068474588,0.006642793823407187,0.764220065129954,1.4224719148211684,0.01703641139565673
Finland,2020-Q2,-0.005179187772740308,0.004985809783301688,0.01912589833380661,-0.03993484373546985,0.0015037984035847804,-0.08583650462304457,-0.027161055078667475,0.9240665328403799,1.483347917935305,0.0062728496427766345
Finland,2020-Q3,-0.006657378374392509,0.0021491776462305885,-0.24358691835623242,-0.012486906385133167,0.00238107602338728,0.041744670101260845,-0.010473740681040313,0.8401243894904884,1.3333924754425766,0.013800369163514126
Finland,2020-Q4,-0.006612178104318309,0.00044820357804328803,0.1914584697044821,-0.010081851121656049,0.0017361776566402803,-0.008888689455043368,-0.004604262966629493,0.7707432393601985,1.4349220683191648,0.015606468937665763
Finland,2021-Q1,-0.008366173928598708,-0.001576021507382912,0.0939354304588056,-0.01792318260955872,0.0025783007474472802,-0.007542034978941762,0.002637996554962028,0.794184429142452,1.6802211189503988,0.018271878603523334
Finland,2021-Q2,-0.010302739130709409,-0.0029616499779578104,-0.1463442008057254,-0.002030532496102966,0.0017109874778516803,0.018232520803017543,0.021803760662286207,0.74083615594114,1.5406807087464938,0.020802476442821072
Finland,2021-Q3,-0.010759144004626109,-0.0019749573352095106,0.013028453707177805,0.006172796119888746,0.0021736773717547803,0.011882549285038431,-0.033386312313681804,0.6725895854071438,1.4801976892968165,0.022093248489617884
Finland,2021-Q4,-0.013303875914357308,-0.001751922834481513,-0.03811006796743639,0.006767910896757989,0.0028287030266512803,0.010657297205584422,0.033231012332989446,0.5680293773439355,1.4282154162379517,0.022778937160904178
Finland,2022-Q1,-0.016265259761682808,-0.0007304192356015118,0.1000033986112827,-0.008369401321959957,0.00320603358682568,-0.013348107884386754,-0.0014843415147885695,0.8122512466696705,1.9001076929145593,0.024614556819535532
Finland,2022-Q2,-0.01846252087238461,0.0004407414051761892,-0.2615548223436952,-0.02628564609666806,0.00215001245479048,-0.0005899303249229087,-0.02764527646510925,0.8756008638128481,1.9014381524168549,0.0251696330066232
Finland,2022-Q3,-0.02027775580614101,0.0033845391292649882,-0.1330047021813402,-0.03439006164435665,-0.0005628799593875198,-0.022579866021010225,-0.009500180460761145,0.9683174195829036,1.8761815303244163,0.025411253038664955
Finland,2022-Q4,-0.02053572591383231,0.004696993879917989,0.1298612264981701,-0.05645952078315175,0.0012502381583814803,-0.011044549935624507,-0.00823570889971589,0.735765742433639,1.6538386796068085,0.026154634105361174
Finland,2023-Q1,-0.01897646731441741,0.004367037894597789,0.1577412416577449,-0.0791101474316327,0.0013156089692370804,-0.027126808647995965,-0.034657076320592756,0.8453821816456044,1.8958865224319346,0.02204050875682001
Finland,2023-Q2,-0.015635063125778708,0.003637434544697289,0.1578771698922602,-0.08932840035733558,0.00210973234460388,-0.021871426453673543,-0.04235266313840311,1.027318077661559,2.2564407454834043,0.020390544059220778
Finland,2023-Q3,-0.012474536336396308,0.003887374110629189,-0.05299206544899339,-0.11074550248091342,0.0013412333100904803,-0.003552311941952572,-0.018613151866879365,1.0839855216964362,2.418391394261682,0.014016427069607679
Finland,2023-Q4,-0.007479172505402209,0.003971138123373189,0.08276264184476961,-0.12149130880106851,0.00211822908211228,-0.03023481894158872,-0.07781254960520831,0.994360958617251,2.393636191058444,0.011966103615840828
Finland,2024-Q1,-0.005706930899298308,0.004218836137726388,0.1291059615383358,-0.12904344518917665,0.00330374950437668,0.0036600684999041084,0.05957603808942383,1.1478061357726352,2.83054947059194,0.010207621589199273
Finland,2024-Q2,-0.0022389601637991083,0.002699386191515588,-0.12369856449037059,-0.12752281761387274,0.0026457127309069805,-0.003863956842924258,-0.088347795758657,1.164067477351369,2.7555572197349685,0.009455675557505233
Finland,2024-Q3,-0.0013624659558444082,0.002842153503264888,0.02693407727324741,-0.12102032156418896,0.0031360300712925805,0.012642867383018038,-0.00782535783680868,1.2091637762602028,2.84900775378533,0.008865066537533023
Finland,2024-Q4,-0.0014950224120460081,0.002822388867918888,-0.012295565190015394,-0.12419737461050917,0.0032657829961867803,-0.009244231146784491,-0.0007450830554747954,1.2374299806850708,3.038457321465215,0.0069627056981475255
Finland,2025-Q1,-6.264127530250822e-05,0.0033018520766060887,-0.09048802259953549,-0.12708731132112883,0.0034111535222253802,-0.0014513393394931223,-0.0014334523445081702,1.2715786680875636,2.8391704023483975,0.0055863684765592725
Finland,2025-Q2,0.00041473644251609166,0.0029704158341340887,0.02554477226667791,-0.12551765689560823,0.00226468888919998,-5.9255966221220466e-05,0.018023634246063933,1.1927416585706367,2.8430554961775756,0.004788160086942328
Finland,2025-Q3,0.0006907813270189919,0.0032903193640931878,0.004172563501062106,-0.12119108527823208,0.0023665277421594804,0.005472677264320021,-0.002585696353629787,1.232892902836655,2.9496115089713646,0.0031231482612690264
Italy,1994-Q4,,,,,,,,,,
Italy,1995-Q1,,-0.003481083757931752,0.2229739958426517,-0.06724027588601089,0.004790994602567562,,,-0.8952132635007748,-0.7375688889837727,-0.024343655661056285
Italy,1995-Q2,0.015116600105811517,-0.0028016287227627516,-0.13578124577744616,-0.07001833621427211,0.004819615583332762,-0.001192936039677828,0.006515260544492758,-0.9343843556692374,-0.7354333431382332,-0.023199100829509225
Italy,1995-Q3,0.012154066199905417,-0.003223527079615052,0.04663466293910004,-0.06514081771444813,0.0020529063447600623,0.00913910376537388,0.019934297527210827,-0.9626799432883882,-0.7337233380904827,-0.02379099470225962
Italy,1995-Q4,0.011831743097742816,-0.004686747520886152,0.15680093707433435,-0.053234450511465026,0.001315007512347662,0.008248417997884805,0.02337900196003046,-0.9960418077118409,-0.7385208537531552,-0.021773401176625337
Italy,1996-Q1,0.010305192432164514,-0.005067354255797151,0.04584060131632524,-0.053818380326687176,0.0008336765880413622,-0.0015724774644110043,-0.036710002766424825,-1.0239841862781405,-0.748239734823265,-0.02323793658537676
Italy,1996-Q2,0.010630956846821915,-0.005803171148892851,-0.325656863054773,-0.05793921786205014,0.001093182341868762,-0.0030495103649781146,0.011637550252135594,-1.055405374035585,-0.7627575517917714,-0.023265674608815706
Italy,1996-Q3,0.011502158791514713,-0.005981778351673651,0.0060760383824573425,-0.0562981568965788,-0.0007116570163830378,0.0008143914997869259,-0.002704981993307758,-1.0761246997329719,-0.775520763840289,-0.024680476095018875
Italy,1996-Q4,0.009184049671046916,-0.004951652160412251,-0.12594251387243738,-0.056786383571103105,-0.00044053357767733783,-0.004951467869366933,-0.028046970530406216,-1.0879018172208461,-0.7843896917654769,-0.023891563142821107
Italy,1997-Q1,0.009553683694650116,-0.005272859730856652,-0.21704702592127983,-0.05325658356022278,0.0009897633756828623,0.008644523512264546,0.009812103404602208,-1.0601732502557657,-0.7855172771340608,-0.025097946355346748
Italy,1997-Q2,0.010661876695796015,-0.005460853568381851,0.24052679902779583,-0.04238354992556914,0.0014262993698536622,0.006532255247539997,0.006847857689775534,-1.0609038088372849,-0.8158595494451045,-0.023992652993554478
Italy,1997-Q3,0.008669882935597614,-0.0062710810092682515,-1.7079266575319894,-0.034065708453260735,0.0011175861639109621,0.008570431817714242,0.015477035026751747,-1.05822760969322,-0.8972151801919115,-0.024955164019426393
Italy,1997-Q4,0.007067492020134515,-0.006617092496691351,2.2315212227314993,-0.025065319031096323,0.0021636103428587625,0.01243353143089323,0.037683634297298436,-1.0557829032137545,-1.0595986956550831,-0.022762483223316504
Italy,1998-Q1,0.0052031302761230145,-0.005095914451614851,1.0948734108685099,-0.028856379282920175,0.0029475119919540626,-0.001951704248226416,-0.0241907442908113,-1.0467647882487805,-1.3154126239405293,-0.023848396594031346
Italy,1998-Q2,0.004719238762490515,-0.006700067491317651,-0.13752865521518104,-0.023088925842471575,0.0023965067059135625,0.002710648038978935,0.010585210493854032,-1.0718017074525241,-1.508756190368683,-0.023874981343945584
Italy,1998-Q3,0.0038551112806698143,-0.006669377527487552,-0.12000259938283306,-0.026772305960484744,0.001075933544156562,-0.0015889621995825779,0.001144104136203534,-1.1172978567570515,-1.4970481874325274,-0.02549095535120316
Italy,1998-Q4,0.003541608663950215,-0.004594708737434052,0.2733726101333788,-0.020560266039435948,0.0015066250423638621,0.0018874283907535313,0.011300290412677168,-1.1470053924144834,-1.232975531415341,-0.023445719900016898
Italy,1999-Q1,0.0037600349017375143,-0.004760865576886951,-0.13481972461491856,-0.022043763107728376,0.0017219835154687621,-0.0014986398005185423,0.006013542996153927,-1.1099370596652256,-0.7677991027815901,-0.025303683673855645
Italy,1999-Q2,0.0039318973478969154,-0.006154901897413651,1.14828469565748,-0.020710618406930115,0.0017665951839968622,0.0021791988581259187,-0.0008292290120854241,-0.9392684804698624,-0.7029812567143532,-0.02122843023881707
Italy,1999-Q3,0.005184092621328515,-0.008223487720478052,0.262347024589815,-0.014488653718378597,0.0009654134216254622,0.007587731892300131,0.00619411494213102,-0.9284908469331545,-0.6436877344609737,-0.020212349764510626
Italy,1999-Q4,0.004865665886372514,-0.008708109005636252,0.05758492315198355,-1.0758565292201538e-05,0.0018974346132848623,0.007263701673255984,0.012007034466231144,-0.8991800872508584,-0.6165526667121829,-0.015694365508520616
Italy,2000-Q1,0.004742025978479415,-0.010570409285281752,-0.18427776912026683,0.009106802418890059,0.0021828203968897626,0.010757072467634932,0.04554053804444342,-0.7801663300549145,-0.5101767433181564,-0.0160719195277801
Italy,2000-Q2,0.003936559503040014,-0.011330184394032453,-0.28014423246994646,0.009383828492248059,0.0023287583613718623,0.0010649521050410057,0.007374154120055661,-0.718257013337765,-0.446095162778879,-0.015231041035888779
Italy,2000-Q3,0.003543804173908715,-0.010391002620208051,-0.05011114344364206,0.0165721745010885,0.0019564037182719625,0.0025863923403082406,0.013067665704273264,-0.6317384724565029,-0.398552674815328,-0.01405688476388603
Italy,2000-Q4,0.003058321010753715,-0.009760146861894152,-0.24349384831005744,0.02680036868403346,0.0019955027301563626,0.008710624764030972,-0.01687688706519646,-0.5910199289470348,-0.3888302908967346,-0.01008809409247674
Italy,2001-Q1,0.0016149652757839151,-0.008326225589609052,-0.16065641072210468,0.0329091728915929,0.0013189159182668622,0.0005217647779214515,0.01515772025733126,-0.5300267374240322,-0.3657777158907545,-0.008876678498860507
Italy,2001-Q2,0.0017118175748858152,-0.006639905849498851,0.13475747643777164,0.03069998992731815,0.0007874520980736622,-0.001438764269787707,0.0040533981510966835,-0.5102384659230093,-0.3191267853701615,-0.008251492077515382
Italy,2001-Q3,0.002184986128342215,-0.005995075500340251,-0.16735530318470837,0.031036813776241123,-0.0010616820659146379,5.094070758595551e-05,-0.011172774997355521,-0.558397438880327,-0.36304346838585433,-0.008504563921753888
Italy,2001-Q4,0.0025124051246193154,-0.003440800665218452,0.005561012517272743,0.035079971931504916,-0.0015529841672559377,-0.005989789326897177,0.001405711328091481,-0.6501015599551841,-0.38965924819290915,-0.006176850630731742
Italy,2002-Q1,0.0033353041216891153,-0.0029420960561373517,-0.05638700800526776,0.03394654363849359,-0.0004557877351331378,0.006682388939725858,0.028747513552063904,-0.6820231726190623,-0.4145920422123163,-0.006465842974426067
Italy,2002-Q2,0.003740096628779715,-0.0025875082211726515,-0.04472237223255156,0.03328106067228043,-0.0010710591783760378,-0.0037554039028439906,-0.024271937420753335,-0.5791615020552102,-0.4531040865826683,-0.005642195706441033
Italy,2002-Q3,0.002118605120000815,-0.0012793455941390516,-0.19132001565168055,0.035475581021993774,-0.002804004893856438,0.002771366953952214,0.023108742418596347,-0.5663174646529896,-0.4518301162332573,-0.006327898023148329
Italy,2002-Q4,0.0006671703106745147,0.0028154491905527483,-0.16021534833383155,0.03547510781909069,-0.0029423734188723377,0.006218004322849712,0.037942468126221325,-0.5068977184080565,-0.49952265185558803,-0.0046358313699025044
Italy,2003-Q1,-0.0005198911898821848,0.003336225448317648,-0.16673970697757273,0.03184370919936952,-0.003036226453915238,-0.006984204928063487,-0.04587346141333109,-0.3937107292006583,-0.4883374887127174,-0.004937223446835795
Italy,2003-Q2,-0.0009502453088632849,0.003742478756342448,0.09882850765657845,0.03046320255318391,-0.0025323280339168376,-0.0035369982289261475,-0.01086190690058169,-0.3812422060963161,-0.4993164671152456,-0.003616141119477334
Italy,2003-Q3,-0.000433147591615985,0.00011547990471754842,0.22245452530192772,0.03322632012342863,-0.002782480590422638,-0.00825178625600429,-0.022813961045924973,-0.4605230565712539,-0.5365828178682381,-0.004180797648417486
Italy,2003-Q4,0.0007325862749379148,-0.0025342004785988514,0.07756690282483233,0.03331578850803307,-0.0023084670886107375,0.010877500623002878,0.013737232595985756,-0.5253096206070269,-0.5601993319239394,-0.0019313826825344826
Italy,2004-Q1,0.000922178794283115,-0.003955154424964151,0.12149849983992643,0.034023657795211326,-0.001752526077433238,-0.0031942999623794993,0.009482121202564482,-0.5375958373118287,-0.5620552138689332,-0.002935425289464444
Italy,2004-Q2,0.0013335782079648148,-0.004171429101733952,-0.20351320150932145,0.04202277903424134,-0.0013546138701286377,0.003874949028241947,0.005262785792302278,-0.5595216820432607,-0.5640829466463142,-0.00020538831433361548
Italy,2004-Q3,0.0012027409518673149,-0.0034146991316591517,-0.13253643018594458,0.041751662234307485,-0.0020465025157617375,0.0048111367107615205,-0.008542449326345451,-0.551486333630714,-0.5961647375640419,-0.0008972980957236143
Italy,2004-Q4,0.0009617770526229152,-0.0025605580784814515,-0.21342379363804936,0.050391090305351494,-0.001959994981046538,0.0061767825402632365,0.0036905499751414615,-0.5491892458316999,-0.6272950641780072,0.0014557495556527383
Italy,2005-Q1,0.00025091671178561516,-0.0027797014936966516,-0.06246368843077506,0.044804677540074556,-0.0010786712326188378,-0.010943425321470168,0.006311604924386156,-0.3941431984188135,-0.5804297628524451,0.0013571068267262537
Italy,2005-Q2,-0.00021055136318248475,-0.003396319909768552,0.11781936324043975,0.04411187449169107,-0.0006820895906622379,0.002811741200003514,0.008385123779264543,-0.3315582203979115,-0.5150584602874431,0.00212803313028867
Italy,2005-Q3,-0.000977932478636785,-0.0033371885566829515,0.12283317645431625,0.046349896653268496,-0.0008368851362280379,0.001806217926947373,0.007629682633479913,-0.35452835864942145,-0.5233936431483049,0.002359688069482266
Italy,2005-Q4,-0.000727694694891185,-0.004479601523819751,0.17906519714260383,0.05904251919720238,-0.0015285153761216378,0.003378940583553391,0.0031895457400333348,-0.4458665011903564,-0.5404402086088218,0.005603501767734567
Italy,2006-Q1,-0.00039605077491968507,-0.004796670852613651,-0.018608166238207158,0.05464742646987042,-0.0009044482259093379,0.004524953400417719,0.0013265174974178072,-0.3815867278432372,-0.5330464492798326,0.005569230121256916
Italy,2006-Q2,0.0007691582771809152,-0.005363902347294051,-0.15150659413558037,0.06093837310867012,-0.0005371785651602379,0.00037503576270616593,0.0049441144548579355,-0.3955161222194601,-0.5029074600726031,0.007882188815866456
Italy,2006-Q3,0.0005799565671614154,-0.003911456151997852,-0.06935381031661696,0.06070149020270765,-0.0009550931681886378,0.0038539495152547726,-0.003392435678353838,-0.33611139065366147,-0.5611463386443174,0.008034981693806911
Italy,2006-Q4,0.0009928505048979151,-0.0031737278736708517,-0.005990608693364461,0.07680612330682401,-0.0015811533998565377,0.01697429489356985,0.04023977427473097,-0.2893723219880604,-0.5601725275858598,0.011554039920771073
Italy,2007-Q1,0.0015587869913814148,-0.0033124050721176517,0.06251441391970033,0.07438693573809507,0.0003587749270876622,0.0014105655358771726,-0.006433461308219694,-0.19238993339970545,-0.5268237527920978,0.011137811959093191
Italy,2007-Q2,0.002479360538235915,-0.004312421060424352,-0.03283018887888766,0.07718859177549464,-5.175898364619201e-05,0.0021032319400649197,-0.008204331682877868,-0.09019537246603515,-0.4962387008750323,0.014116107984392001
Italy,2007-Q3,0.002572593336203315,0.00046880264656314833,0.08542021729242275,0.07950733267232635,-0.0006397356808119379,0.0035763533151818233,-0.004921066389982957,-0.07013831391168002,-0.5243816498265144,0.015064033514336786
Italy,2007-Q4,0.0006283820073012154,0.0026973895756741482,-0.10510009449659696,0.08397676394517273,-0.0006422030483310378,-0.009001827845864762,-0.020254913217206454,-0.13778134813523235,-0.4796431787704716,0.02023674696030653
Italy,2008-Q1,-0.0014995912881039849,0.0025459736331642484,-0.006047181365672359,0.0836642496453408,-0.0009446999701457378,0.00025903175377053303,-0.0013389279609016748,-0.13893162004697968,-0.5305688726740879,0.02591132783090415
Italy,2008-Q2,-0.001960782647913485,0.004819952327816549,0.04360720602585934,0.07376541241284817,-0.001330885432838138,-0.017466624881109706,-0.008344809277959601,-0.0380571884191927,-0.43268603370084097,0.025409247319139114
Italy,2008-Q3,-0.002720729427404785,0.004880609906271349,-0.25040538185254246,0.04722574626989684,-0.0024959929282735377,-0.019983457584363574,-0.021189672350500448,-0.01020261442794368,-0.3364473498961357,0.022704948789370114
Italy,2008-Q4,-0.00033549207244478515,0.006558782793175549,-0.13166405010081167,0.027387927804618073,-0.005742137777023938,-0.026398487739328826,-0.05539692279897162,-0.033932545419741666,-0.4032637518374798,0.01797553025500538
Italy,2009-Q1,0.002409579276433215,0.011259585413304548,-0.01340629327604026,0.01404027964887411,-0.006256811127939238,-0.022487017659241527,-0.04185463705445452,0.08509102944787994,-0.33408033866787457,0.019157208920059635
Italy,2009-Q2,0.0037848856151306157,0.012682052158124247,0.16482102995089115,0.006275756387979614,-0.0021835052732085375,-0.011069508311348097,-0.017188829581993463,0.08264568145463236,-0.3662461008369302,0.02183202718007743
Italy,2009-Q3,0.004997070412606616,0.007312557147079149,4.0366951864642675e-05,0.006379019264490138,-0.001562424571430938,-0.006075056816392955,-0.02583423819318236,0.05953322604747613,-0.39477623466183176,0.02146834951929319
Italy,2009-Q4,0.003266330395758115,0.0038131300502532487,0.08488639193680043,0.007262451553642579,-0.001997276350216338,0.007572503794219831,0.02586968272285068,0.08564175989382616,-0.345074614566667,0.021411555362584447
Italy,2010-Q1,0.0014561626478388151,0.002734510166295848,0.18194204749624376,0.005404088672168683,-0.0016845163540012379,-0.0033126989199971707,-0.022727591303413223,0.16263048194001484,-0.25672483512935695,0.020734393633898562
Italy,2010-Q2,0.0010822499646792154,0.0020666327115826484,0.0021509749565334427,0.008098704755830077,-0.0012503642253181377,0.0001792386816226396,0.02562414731763047,0.21338388102370653,-0.15305534955630062,0.02122854406165725
Italy,2010-Q3,4.585405395401542e-05,0.0019139373347416481,0.08435578156985174,0.005596303322615848,-0.0013052383010411378,-0.0011250119700591868,-0.021826698267814297,0.3047271371254523,-0.1196406501024827,0.02085130701883707
Italy,2010-Q4,0.0003161003593915154,0.0021740565132554483,0.17165453946571452,0.01344980725409406,-0.001607459252890338,0.01613263132803546,0.01036688036622719,0.33514869650376733,-0.056040990889212106,0.02132052891808786
Italy,2011-Q1,0.0003452704679343154,0.0015580342308870484,-0.13237731355163376,0.01833237252338904,-2.741669552939389e-05,0.006885616593851584,-0.0018088941923048375,0.36178337079688005,-0.08463919648078655,0.022372728307211168
Italy,2011-Q2,-0.0005298274845118851,0.0010662914061327486,-0.02886531211967006,0.004543018378692754,-0.0002711238910550378,-0.014302236690986158,-0.02273288778869203,0.416742000290091,-0.025881935081320195,0.021390864197561726
Italy,2011-Q3,0.0009570717254279151,0.002675300880680248,-0.07726944065296265,-0.0021963935446687177,-0.000998822769794538,-0.004404764279377172,-0.013255983261999109,0.36038209363884754,0.02408865770895252,0.019845694659808524
Italy,2011-Q4,0.0026233482045553147,0.005594507051638249,0.045170055533951134,-0.015710225273674938,-0.0002623890379947378,-0.017327998639670807,-0.018024641306493,0.30536169469028995,-0.004387401182370576,0.017795463829006014
Italy,2012-Q1,0.00027454043997961544,0.006456999997308048,0.07857761885383983,-0.029678848987528594,-0.0005076043109088378,-0.015032425411826788,-0.06829697229951587,0.4203187303333822,-0.00045546140742880326,0.01788152938233338
Italy,2012-Q2,0.00039509786575091504,0.005591037701358049,-0.06696272351573136,-0.047529065138929516,-2.6457387635722906e-05,-0.01582453600774556,-0.022959871707417694,0.41256164141714025,0.06566280598278751,0.01719991688901641
Italy,2012-Q3,0.00028877611801721506,0.006369068776360549,0.033613641406750744,-0.05529144722170298,-0.0009442398393818378,-0.011539149471371668,-0.02858734437433002,0.49261538390631765,0.10706080332576584,0.016402946751772993
Italy,2012-Q4,-0.0003445152945590851,0.005518962111018349,-0.02754561732208096,-0.059109645101593555,-0.0014797516219477377,-0.0032135045464340766,-0.02536926849728987,0.5481274439803547,0.050632292686758396,0.01642862858381136
Italy,2013-Q1,0.00011663647730791524,0.004622876435609448,0.14818080292360342,-0.07323642511162487,-0.0004044237683451378,-0.019258834677162252,-0.040977082557887616,0.6064915051378716,0.14520542829921235,0.014062416165128197
Italy,2013-Q2,0.0013558603963391147,0.0028039760963669484,-0.10808045835926086,-0.06817468194183363,-0.0002901089546172378,0.0036175273773646705,-0.006441289815042044,0.6141326881878166,0.14225207606342694,0.014245716970975805
Italy,2013-Q3,0.0020417868954063154,0.0029003205244439484,-0.00044165631508665676,-0.06752990155456051,0.00045990092657866217,0.0033000072744484793,-0.013032725577670039,0.6334063429368229,0.1577562985688814,0.013981244142742905
Italy,2013-Q4,0.002314482659222715,0.0028381968407095483,-0.05646533551294046,-0.061306801587781345,-0.0005282801673839378,0.002563817994406325,-0.015982462502618748,0.6641295207784559,0.19675905891190948,0.012932235906235573
Italy,2014-Q1,0.0015004887478049147,0.0016278713826563484,-0.19010210234148578,-0.059691669626156685,0.0008944192059929622,0.0006368200153885836,-0.0013927630684859517,0.667308820046463,0.12290848501911278,0.012938576747571096
Italy,2014-Q2,0.000253950397434915,0.0023556321350455484,0.054618229527654535,-0.058161710623815255,0.0009117605492171622,-3.8103167823133914e-05,-0.014051391924660254,0.6864314570237884,0.16320531627483348,0.012824649495771306
Italy,2014-Q3,0.00016762668893351498,0.002916242694072648,-0.04674491089738086,-0.0558129516307051,0.00028400285944266216,-0.0026659322510078414,-0.0013143835710708808,0.7527315089690743,0.24691318072369906,0.012494081425780637
Italy,2014-Q4,-0.0010919895002864848,0.003120546173494748,0.06042450804969404,-0.050379881321477527,-0.0004685050769022378,0.003679358550865008,0.01006649867965221,0.7207004007824311,0.36101041229541253,0.010830378183779021
Italy,2015-Q1,-0.002332273291726185,0.0036365114748338483,-0.04220699170064156,-0.042229668172113044,0.0002232936629824622,0.009812975609791797,0.01172196143011723,0.8811211451890477,0.48063387724598106,0.0112922770690152
Italy,2015-Q2,-0.002235824192037485,0.0020147941831858483,-0.05254083337937836,-0.04112362640569467,0.0014714453249171622,0.0011178672061969094,0.006899714366440275,0.7769731922680263,0.5117884753304465,0.010634166818784804
Italy,2015-Q3,-0.002269813909032985,0.0015863135870836484,-0.21456684199373438,-0.03794811075294979,0.0002029424546444622,6.528936425056445e-05,-0.011536604108439423,0.8227049862861806,0.4336661003650877,0.0096566283066771
Italy,2015-Q4,-0.002926052073834285,0.0027393407366333483,0.07031918269340694,-0.034245017439883396,-0.0004109418180147378,0.004606105141941729,0.0070076293525057134,0.7907815431716463,0.4553906597930846,0.006574094422455198
Italy,2016-Q1,-0.002711176569226685,0.0023019906537500483,0.03743333767576364,-0.0171664585601512,-0.0011956078800849379,0.014510887576480802,0.021016214614147995,0.8402294370672849,0.5076079541330543,0.006144823439100611
Italy,2016-Q2,-0.0019197400317004848,0.003857227444038948,0.02087435200358584,-0.014412863811388066,-3.391508621312337e-05,-0.0004353696689584966,-0.0062563949490287915,0.7911889059707486,0.618074725480755,0.006550140241444902
Italy,2016-Q3,-0.003483370427856285,0.0036089681532092484,0.06769069395757904,-0.010856627007713504,-8.802199281631975e-05,0.0037344145284481595,0.014164386125056279,0.796472851710198,0.6936581362060699,0.00603493208206872
Italy,2016-Q4,-0.002272994204690285,0.003342694627753048,-0.13956504944055448,-0.007002315659552227,-0.0009406404283826378,0.0033286117776181396,0.01891278715124029,0.6690559308861981,0.6169767533796731,0.0033487573185885244
Italy,2017-Q1,-0.004084189746881039,0.0028609525695460483,0.014801182671281339,-0.009174114685799983,0.0005387417190119622,-0.0033307890555484892,-0.021867056340664152,0.6724205566806409,0.6586303463858967,0.003303562651782263
Italy,2017-Q2,-0.004656196465800585,0.0020315894834763482,-0.004454125426652158,-0.006138690444848827,-9.474758154953325e-05,0.002964729883396377,0.00505641005986119,0.6532287780283754,0.6755737142143488,0.0024940461441040895
Italy,2017-Q3,-0.003742419937554585,0.0017364509874899484,-0.056375357860076164,-0.00609690672763441,-0.00023797740802973782,4.661474525271517e-05,0.02462214130592761,0.6378055244904846,0.6779418077830763,0.0001248268651910106
Italy,2017-Q4,-0.003975496246929985,0.0017831123032253484,0.04594887901419144,0.009913519250102532,-0.0008816453258908378,0.014069954051995315,0.016943928652377434,0.6748973629354129,0.732607969173497,0.0011918914345984133
Italy,2018-Q1,-0.003136535737383185,0.0013311451509056484,-0.10345325195651416,0.005601345817270342,0.0011301575108029621,-0.005100798827268416,-0.014734280149177596,0.6671472451054683,0.7173645832231073,1.3521891405271491e-05
Italy,2018-Q2,-0.0029073766221017847,0.0015561832130311483,-0.01969302080644466,0.0022151325433825697,0.001131709693109262,-0.005155107352692734,0.01583421296426108,0.5812664838592512,0.7748817817418685,-0.0003154146532815538
Italy,2018-Q3,-0.0025036354612216847,0.0024704315361028482,0.009022863229172638,-0.0039813962377537315,0.0011350762379941622,-0.0069075208306803365,-0.015304003456382435,0.5388360911589518,0.812470669491749,-0.0013859811636845465
Italy,2018-Q4,-0.001449642982810985,0.002520575136288248,-0.16627407241778713,0.0035119215907917223,-0.0010281521968239378,0.005906245702600476,0.001681079278028914,0.5335401130289421,0.7259779827728643,-0.001991217088909772
Italy,2019-Q1,-0.001551462762660385,0.004369328468412348,0.02809529355874464,0.006706920379584869,0.0004750793677201622,0.004363059774023203,0.010432548332125986,0.5186662220450939,0.7390518626691149,-0.003017107543930017
Italy,2019-Q2,-0.001857713031724185,0.004250521956538649,-0.02009075734577416,0.0070144984192712645,0.0007678299837908622,-0.0001290300095217803,0.01239585409541439,0.49621212722500396,0.7574113555483601,-0.0030733383164906064
Italy,2019-Q3,-0.003755749518306585,0.004091701697503449,-0.05623155368830916,0.007538252637385279,-0.0003963371247212378,-0.0024064607122622267,-0.02033011361528219,0.5702367137826303,0.7723604570435587,-0.003205163730422858
Italy,2019-Q4,-0.003756600287804985,0.004381223414736849,0.04543971269528904,0.014078380464013218,-0.0014642293205751379,0.005138579925005903,-0.004545546901669244,0.5157040166497895,0.8106699380106619,-0.004102748806566137
Italy,2020-Q1,-0.003867842016021585,0.003745040833877548,-0.22142127122968586,-0.04598188589073593,-0.0007099566062183378,-0.08044542557413556,-0.08853519498759982,0.6346848121263444,0.8165467147498648,-0.00832826840402634
Italy,2020-Q2,-0.002377777170876785,0.004985809783301649,0.13524109158902892,-0.1598261812869075,0.001341325052884162,-0.15564233214980347,-0.16373310260641832,0.9469245989581245,1.1707499233382215,-0.014071816456482547
Italy,2020-Q3,-0.002480721990405185,0.002149177646230548,0.028338300581528045,-0.0284603952514908,0.0013524748367922622,0.16110868746208198,0.2515043194123939,0.6816321311493061,1.0439713954686363,0.0005264383718947552
Italy,2020-Q4,-0.00415136234553258,0.00044820357804324846,0.08887508268494004,-0.01752729489120597,0.0017824316526012622,0.009172327139173509,0.022216845708005035,0.6975222199854829,1.0810776552724728,0.002917321711839671
Italy,2021-Q1,-0.006424136990309185,-0.0015760215073828516,-0.02462493495932396,-0.013434235260478822,0.0030324005329429625,0.0022142213281610918,0.04959529075546582,0.7793852354300999,1.2290812565427685,0.003686304365952353
Italy,2021-Q2,-0.007265430956067585,-0.002961649977957752,-0.01571913126483086,0.009550846348057584,0.001793697201561462,0.02790602375188158,0.045475524762863824,0.7394333479458077,1.2556696805211922,0.0021036286580721625
Italy,2021-Q3,-0.010110546129537386,-0.0019749573352094516,-0.06691126538462747,0.029862261652267907,0.0010461450475142621,0.027808492703486752,0.03574222174126069,0.7288611711491293,1.2791448422806078,0.002175652587411314
Italy,2021-Q4,-0.012795290864407984,-0.0017519228344814518,-0.05054543579037986,0.03588360598625906,6.440416265996699e-05,0.005586863097428751,0.008545090711715116,0.718099063218594,1.292844444179724,0.003546726031419034
Italy,2022-Q1,-0.016459092856298586,-0.0007304192356015031,-0.08403372840713666,0.018535343034598695,0.0028789834701880624,-0.01203316231790772,0.007950767693767187,0.7246646184082581,1.197366180111824,0.0017201968961131353
Italy,2022-Q2,-0.016067216027591986,0.0004407414051761483,-0.20005973792298837,0.024574390303091276,-0.0014840781773633378,0.011986533331284766,0.01795127651610235,0.6621171012566411,1.0268618229596718,0.001873455160768589
Italy,2022-Q3,-0.018331397969276585,0.003384539129264948,-0.12839471571383645,0.0056947382336316466,-0.0014651525528329378,-0.01633227268807367,-0.014267923239197504,0.6746342177870552,1.0308762401781382,0.00019243931822758575
Italy,2022-Q4,-0.024678121208695083,0.004696993879917948,0.08782024144003595,-0.025512215771220648,0.0026785210375353625,-0.023911056147215316,-0.02794036296818108,0.5853670245251017,0.952130026952144,-0.0001278395853176184
Italy,2023-Q1,-0.017739853316218687,0.004367037894597749,-0.03314284692767556,-0.0008654431082453229,-0.0029391395653636378,0.032859900660852336,0.0729415637958491,0.5470957662860783,0.9051738990959806,-0.0004221412195190982
Italy,2023-Q2,-0.013942831986723386,0.003637434544697248,-0.06712473602649005,0.008289719739937862,-0.0016791082991355379,0.012390751673867518,-0.012597565971560858,0.47472229431869706,0.88166384758391,-0.0014324685154352146
Italy,2023-Q3,-0.009025042964710085,0.0038873741106291485,-0.10653505308190746,0.00619039165078239,-6.033308723133463e-05,-0.0002519724903522261,0.010613040507500511,0.4044074789818266,0.8147521204708443,-0.005027531845772162
Italy,2023-Q4,0.0027916976178366153,0.003971138123373148,0.030928151344980934,0.01501555630288598,0.0020024595059490624,0.007067396148257931,0.0014455335329673423,0.3212031738782424,0.8547781482366317,-0.0048688827209407565
Italy,2024-Q1,0.0015066926782488152,0.004218836137726349,-0.06741486982020066,0.016444976222435015,0.0033669887710268626,0.001766935166480654,-0.03251479536895035,0.3093996643954504,0.8690692616767148,-0.006335372683070259
Italy,2024-Q2,0.0020654855906158147,0.0026993861915155484,-0.051764565957517855,0.012393909619710541,0.0027456961872604625,-0.004871665156461514,-0.017553114153102616,0.28307506273057803,0.8736564634494408,-0.007860424442631811
Italy,2024-Q3,0.0011606825990446148,0.0028421535032648482,0.05050291227412644,0.008264409090521507,0.0029611321792595625,-0.003926958680486404,-0.025424752870536853,0.22466474837462713,0.8427504725526103,-0.00978110233954825
Italy,2024-Q4,0.0002726068781318154,0.0028223888679188482,-0.13006159173580986,0.017058025516326625,0.0007097464483132622,0.007274274335605146,0.019979851179241788,0.20509998527992646,0.9000232207075392,-0.009066452869658514
Italy,2025-Q1,-0.00034811880959758484,0.0033018520766060484,-0.08913230932210617,0.011973598379255934,0.0023047664881702622,-0.004567161837444967,0.004478925368941074,0.20862083095836637,0.7446470475463343,-0.009573515624487411
Italy,2025-Q2,-0.0007670855144206851,0.0029704158341340484,0.03815530593411855,0.015489369318336221,0.0011425423885997623,0.0019095520171936939,0.011649610387532601,0.233725958509706,0.7148082390536681,-0.009056454505852587
Italy,2025-Q3,-0.0006211708371289849,0.0032903193640931483,-0.01451514525063266,0.015078065884719383,0.0012920247557396622,0.00040025860655881177,0.005338674350667656,0.22394930267842184,0.7477175974817252,-0.010070969050396283
Netherlands,1994-Q4,,,,,,,,,,
Netherlands,1995-Q1,,-0.0034810837579317723,,-0.04853186074736038,-0.0003482476135447978,,,,,-0.07093735013850966
Netherlands,1995-Q2,,-0.0028016287227628726,,-0.06537415335642227,-7.248998129741701e-05,-0.016601131026180136,0.011451800847638752,,,-0.07638867203024119
Netherlands,1995-Q3,,-0.0032235270796150736,,-0.05373540294646717,-0.0002557717950035978,0.021620898683859826,-0.02518182633134036,,,-0.07666054433727182
Netherlands,1995-Q4,,-0.0046867475208861725,,-0.06182043946970084,7.923622218651514e-05,-0.002291549071467367,0.04959061489109362,,,-0.08108104032483865
Netherlands,1996-Q1,,-0.005067354255797274,,-0.06789138148723506,0.0005858088101303022,0.005240270180404485,-0.08116593516969783,,,-0.07948294354723756
Netherlands,1996-Q2,,-0.005803171148892871,,-0.06671902744900082,0.0005417965654723022,0.003842943688031033,0.09163453317191705,,,-0.07738752937363386
Netherlands,1996-Q3,,-0.005981778351673675,,-0.05624749622777103,-0.0009023512515550977,0.012921090734626963,0.02373313057587612,,,-0.07534873148574145
Netherlands,1996-Q4,,-0.004951652160412273,,-0.05857717305762167,0.0004508960006744022,0.0003488685982407612,0.0272543024418368,,,-0.07469181164897609
Netherlands,1997-Q1,,-0.005272859730856673,,-0.04217013756090049,0.0006768550184124022,0.011150992429427822,-0.03814272412368713,,,-0.06771810668211214
Netherlands,1997-Q2,,-0.005460853568381873,,-0.032736742878411995,0.0017066879006314023,0.01066708188786122,0.04301350070130705,,,-0.06328176947417175
Netherlands,1997-Q3,,-0.006271081009268273,,-0.02321326718975336,0.0014933655546792023,0.011747658674211427,-0.017247293889240508,,,-0.060215183731384736
Netherlands,1997-Q4,,-0.006617092496691372,,-0.02726622026720893,0.0017207529726596023,0.013705344108884878,-0.010674133066371324,,,-0.06703847547698683
Netherlands,1998-Q1,,-0.005095914451614973,,-0.007665492144833808,0.0008450173788871022,0.009772914371156096,0.04364468797763865,,,-0.06082943325385376
Netherlands,1998-Q2,,-0.006700067491317673,,-0.009586279007200549,0.0022538775404388023,-0.0017087270601909045,-0.024040701571595987,,,-0.060484979063977595
Netherlands,1998-Q3,,-0.006669377527487674,,0.003558273431522707,0.0005259777347735022,0.00752617185879564,0.0403244879871234,,,-0.056359731220545606
Netherlands,1998-Q4,,-0.004594708737434073,,0.0027382730303242564,0.0015234271965282023,-0.0004617278041529095,-0.013393140415890455,,,-0.05479722303632495
Netherlands,1999-Q1,,-0.004760865576887072,,0.019826160149523986,0.0008425042003345022,0.011844363344591349,0.04879069914108913,,,-0.045175790871267996
Netherlands,1999-Q2,,-0.006154901897413774,,0.019073362761543367,0.0017925767129524021,0.00209955818916149,-0.012690977471481842,,,-0.04325708509272669
Netherlands,1999-Q3,,-0.008223487720478073,,0.03632464549517911,0.0005387220589998023,0.011716117007436102,0.042124520434024815,,,-0.037479925815885995
Netherlands,1999-Q4,,-0.008708109005636273,,0.049845657446011105,0.0022923110730753023,0.01166061708756735,0.021055895759620528,,,-0.031711860126406366
Netherlands,2000-Q1,,-0.010570409285281772,,0.05966235345479998,0.001981606893354202,0.00802457667009512,-0.02298282590869793,,,-0.02975366981040045
Netherlands,2000-Q2,,-0.011330184394032472,,0.06102082800790076,0.004057851915212803,0.00401670195403411,0.011477924759298434,,,-0.025810623697895607
Netherlands,2000-Q3,,-0.010391002620208074,,0.07558089943646862,0.0025916058157010023,0.011807077290112735,-0.006154809445049422,,,-0.020937146221836067
Netherlands,2000-Q4,,-0.009760146861894173,,0.08821388442688893,0.0031677026362391023,0.0070260880087427945,0.004681285608465261,,,-0.012707773793046995
Netherlands,2001-Q1,,-0.008326225589609172,,0.07327187142762004,0.002552783827315602,0.003254145028451196,-0.010236784983528976,,,-0.018919027355404294
Netherlands,2001-Q2,,-0.006639905849498874,,0.05385122549086896,0.0023478554808269024,-0.014431547777638807,0.0008954102730356385,,,-0.02158061066534389
Netherlands,2001-Q3,,-0.0059950755003402734,,0.04761191716513524,-0.0010625971379922977,-0.002413703420689837,-0.013887521572848668,,,-0.026595949355116555
Netherlands,2001-Q4,,-0.003440800665218473,,0.048458466753934726,-0.0010499024253290978,-0.0013522753771532427,0.005048586632597777,,,-0.024025107052812134
Netherlands,2002-Q1,,-0.0029420960561373725,,0.0324152083937399,0.00013097984559770222,-0.011359062631524006,-0.018115497441978375,,,-0.02694460866882875
Netherlands,2002-Q2,,-0.0025875082211726727,,0.007466522802648257,6.275927610260672e-05,-0.007718899548163103,-0.02532135836046234,,,-0.03577422796817803
Netherlands,2002-Q3,,-0.0012793455941390725,,0.014857218322801069,-0.003233861956568098,0.0019454868406768265,-0.015933340107932677,,,-0.03300805464654549
Netherlands,2002-Q4,,0.0028154491905528272,,0.004729022376799952,-0.003183609728931598,-0.005277894596119746,-0.044149338312261976,,,-0.03938082108621649
Netherlands,2003-Q1,,0.0033362254483177266,,-0.007633563002487742,-0.002577700779471998,-0.008051480254897578,0.012358029424203169,,,-0.04217719063518238
Netherlands,2003-Q2,,0.0037424787563425273,,-0.020880586050303407,-0.0013989408612385978,-0.014073612690216928,-0.009699564882821973,0.8724018788784718,0.4491310219990803,-0.04398930215704577
Netherlands,2003-Q3,0.0039454645081185655,0.00011547990471752652,0.19847862983418338,-0.02510178598529711,-0.0017010059931606978,-0.0035530295107126,-0.0018866141342421781,0.8441442382201712,0.38598637326082574,-0.044941924002114
Netherlands,2003-Q4,0.005873285914640766,-0.0025342004785988727,0.11710871189193389,0.013843532782066736,-0.0015348018256721978,0.004592475588143321,0.0174508487336158,0.3170376800341952,-0.5744344667024124,-0.02154944727675412
Netherlands,2004-Q1,0.007059527964387966,-0.003955154424964273,0.32809047265753266,0.0031774870450156367,-0.0010860746551973979,0.005869503814027146,-0.005379669016830176,0.23053649652050945,-0.5125749147026228,-0.028535919127923248
Netherlands,2004-Q2,0.007086463195211866,-0.004171429101734073,-0.1147197369010767,-0.009475546491140907,0.0004062527355900022,-0.0009572619855852428,-0.0219492599977642,0.22822816067431972,-0.5892358911311755,-0.03164759413796003
Netherlands,2004-Q3,0.007534381896047966,-0.0034146991316591734,0.1257679150946316,-0.01100351555742285,-0.0017076177698979978,0.0006061775289719316,-0.014144292025947577,0.21894916003911957,-0.5002710361585789,-0.03550807748954565
Netherlands,2004-Q4,0.006328972891506866,-0.002560558078481573,0.09107605625307388,-0.005940326778436367,-0.0012165792217101977,-8.413335976201544e-05,0.012847998576835055,0.18110508614522125,-0.4980630365076344,-0.03282270770519691
Netherlands,2005-Q1,0.005213274867227666,-0.002779701493696673,-0.08007685226196612,-0.011992536562201783,-0.0005581481057907977,0.002131057226275237,0.0006432901612114551,0.02129813565653471,-0.7547843419299349,-0.035339535753512785
Netherlands,2005-Q2,0.004826503949925166,-0.0033963199097686737,0.0019240632233497798,0.002096671912471315,0.0007570509714012022,-0.0011459089656170908,0.016503003532577724,-0.03006646558725734,-0.8373175503239465,-0.02205250067159592
Netherlands,2005-Q3,0.004448698875800166,-0.0033371885566829736,0.315780940279146,0.011847953055478921,-0.00022840830628189778,0.010946179964402693,0.014028614507618501,-0.23381473498401384,-1.2683892418980567,-0.01960400204275553
Netherlands,2005-Q4,0.004532179025113665,-0.004479601523819774,-0.2037651739646733,0.008456888303850052,0.00021809687415430223,0.007359495802112894,-0.01962441684252991,-0.19341306715966677,-1.0422114617786993,-0.024820305849032442
Netherlands,2006-Q1,0.006086793433351166,-0.0047966708526136735,-0.2097785266550707,0.02391676710841173,-0.00022445914262709778,0.0015422591959147434,0.020857430045991835,0.09417211375791901,-0.9627063345630109,-0.02534501123993055
Netherlands,2006-Q2,0.006595830690086766,-0.005363902347294173,0.08577430355120018,0.013884937033530997,0.0021410696715126023,0.00419126942753997,0.02124601486082756,0.17333999498580566,-0.8226027659680479,-0.029433985335734547
Netherlands,2006-Q3,0.006615369490216966,-0.003911456151997873,-0.3259176154766118,0.0261449122674835,0.0003224490348344022,0.004692744944335549,0.03202254065725252,0.26225106674667,-0.8272118660904688,-0.02669042901126245
Netherlands,2006-Q4,0.007442961501679466,-0.0031737278736709736,0.3476656522156366,0.02861089696080321,0.0006144173736922022,0.01622698668037045,0.04133252000197163,0.19859030265810285,-0.6218759872956681,-0.033267326859591495
Netherlands,2007-Q1,0.006038716054314466,-0.003312405072117672,-0.14837428835907202,0.041430035409432686,0.0021951237120674022,0.006880819347354707,0.005936053531127031,0.23426993456042666,-0.8250392235347594,-0.027893271323068347
Netherlands,2007-Q2,0.005771496324432266,-0.004312421060424372,-0.07279730512891441,0.022668693608305368,0.002318356936015902,-0.008725615858465128,-0.03008917867842986,0.5433545827977397,-1.0507383917661235,-0.03196326495533658
Netherlands,2007-Q3,0.007620528131695366,0.00046880264656322737,-0.20656958219577712,0.03945396760699549,-0.0015155644374253978,0.01270060135509218,0.03060324720362462,0.2950922514870413,-1.0951268908859997,-0.031080404951965568
Netherlands,2007-Q4,0.005884585367149966,0.002697389575674127,-0.031750343518126715,0.0341107597049205,-0.00015744295358879778,0.009445406921272683,0.26082030974283366,0.37319794258329786,-1.0951088899938592,-0.03404552544599976
Netherlands,2008-Q1,0.0041207427527952655,0.0025459736331643274,-0.434341101765622,0.04646864731668909,-0.00038325543217989776,0.0013496206138988408,-0.2338311833323552,0.5188658800875912,-0.9941962907479165,-0.024041630811532044
Netherlands,2008-Q2,0.004614140208529266,0.004819952327816627,0.5472530111152786,0.037151896914877636,0.0010870330899682022,-0.009809477653581675,-0.004152300989449072,0.5459956597174465,-0.9418724073526179,-0.02001459224594221
Netherlands,2008-Q3,0.0023178474418919653,0.004880609906271427,-0.15653840368949493,0.025708301469796746,-0.0015863211335676978,-0.0042294947250422245,-0.001298023418276669,0.6802162882195963,-0.7066340793388282,-0.026088034497946166
Netherlands,2008-Q4,0.002229278338907766,0.006558782793175627,0.3268884436302647,0.013387386370614207,-0.004120290620538498,-0.011177896053981593,-0.02467818718238601,1.133061554297031,-0.14736939463817444,-0.035818113000754104
Netherlands,2009-Q1,0.0017997060940510656,0.011259585413304527,0.08765885884131368,-0.023347021129891843,-0.003652403624253398,-0.05739944752789264,-0.02754025334455012,1.5820071227350496,0.2471571241202608,-0.043046586334825276
Netherlands,2009-Q2,0.0030321746670712657,0.012682052158124226,0.2215352125189189,-0.054778065432936174,-0.0012482572514272978,-0.03261593722882808,-0.044943008459021216,1.5462041649172553,0.44144872099365706,-0.043961943225344524
Netherlands,2009-Q3,0.006224029316746766,0.0073125571470791274,-0.438174095149347,-0.04982658958468056,-0.003186559209941398,0.0012605450589027976,-0.01633901235969692,1.336638800297015,0.2736045204365216,-0.04353852473723646
Netherlands,2009-Q4,0.004061015826193066,0.003813130050253327,-0.050198302086994516,-0.07202301603556216,-0.0006379514090902978,-0.004574994559370191,-0.05475848996907229,1.4251117075615891,-0.24050808309910643,-0.05098216280956419
Netherlands,2010-Q1,0.0035923934534114656,0.0027345101662959274,0.16804005256362228,-0.06438009888314933,-0.0002345676247521978,-0.009055245580404412,-0.02075793545498183,1.5932376061659488,0.016764541775404762,-0.040395253192295144
Netherlands,2010-Q2,0.002335551825679766,0.0020666327115827273,0.04893860497773208,-0.04634134463270878,0.0013554875073546022,0.010287741818122944,0.01559027311363326,1.7228888677478729,0.09289842587777253,-0.024176214765848247
Netherlands,2010-Q3,-7.12989445896344e-05,0.0019139373347417266,0.07412130406104918,-0.03693337436699551,-0.0024596248821600977,-0.0028073755115730938,-0.0333201168085957,1.6468373853748428,0.03018558034399943,-0.02280027764839132
Netherlands,2010-Q4,0.00013797169454906558,0.0021740565132555272,0.34353114137247376,-0.029396929384785997,-0.0007974726065322978,-0.0037939219920172552,-0.021144480259177142,1.6220530685819181,0.09268856088186261,-0.0171360370410365
Netherlands,2011-Q1,0.001214146285312024,0.001558034230887127,-0.37467933537297693,-0.02668054460800695,-2.914533550475927e-05,0.005270991719271114,0.09197929251458237,1.4976957611843336,-0.013086164080216012,-0.012842659492904973
Netherlands,2011-Q2,0.0006568265083656656,0.0010662914061327269,0.3095009354257013,-0.03334763394302631,0.0014527317521217022,-0.01595192329265097,-0.05441602559502745,1.5772984673629287,0.15457595049965134,-0.003837661304002815
Netherlands,2011-Q3,-0.003000262908854634,0.002675300880680227,0.11195369007276168,-0.03308390187563037,-0.0017786127274992977,-0.006314165665586211,-0.03224904749270263,1.5722941151780567,0.1831820570628908,-0.0009023416286821906
Netherlands,2011-Q4,-0.0027381612487950343,0.005594507051638227,-0.052809247166697416,-0.02027637219413192,-0.002358135117222098,-0.008076151455954781,-0.011085277398527934,1.5152239725785366,0.013704852952864499,0.007097154876835765
Netherlands,2012-Q1,-0.003148063166084734,0.006456999997308126,0.06743318048651788,-0.025376622906992496,-0.0012763390398344977,-0.011005467389271582,-0.023402078242770626,1.5050168092984757,0.24077066218230891,0.009989563532087131
Netherlands,2012-Q2,-0.0028548612586792345,0.005591037701358127,0.002910821555321179,-0.029832790529749742,-0.00013383354479919778,-0.012129528855233582,-0.022153384093980263,1.487451364099237,0.332209277804699,0.018065202070542463
Netherlands,2012-Q3,-0.0037222417507144345,0.0063690687763605265,0.06852184481111617,-0.04166989955878275,-0.0016889737674687978,-0.014154764803535978,-0.04213915770444321,1.467263302404242,0.3749424135304018,0.017301043880106892
Netherlands,2012-Q4,-0.0050982475019747345,0.005518962111018427,-0.21755245970814663,-0.047305616613479096,-0.0029909445557852977,-0.005328392872135632,-0.037554403593435426,1.3033940484427173,0.4079949587433025,0.01811617372296348
Netherlands,2013-Q1,-0.005094439497990334,0.004622876435609427,0.25254985482054787,-0.053047382413331956,-0.0032479980023921978,-0.00837844282415504,-0.0377382775426256,1.2607250565205232,0.6139854684635533,0.020155721049126718
Netherlands,2013-Q2,-0.004424631856636034,0.002803976096366927,-0.1323135443325423,-0.05770929474309483,-0.0021135767525392976,-0.005457686775234203,0.008199176321673777,1.241664244747109,0.5960879670898334,0.025118240135276138
Netherlands,2013-Q3,-0.003639297823034334,0.002900320524443927,-0.018509455196717824,-0.062091828338656674,-0.0028529175803057977,-0.005196264959680983,0.02943177157537558,1.3211801989665837,0.5339390299906479,0.02561584858040694
Netherlands,2013-Q4,-0.0002374721108435343,0.0028381968407095275,-0.08673047899521844,-0.04597488283632534,-0.0031119391175003976,0.00864185615163712,0.07324347298397416,1.0551547408572546,0.18421665691396205,0.02738503941068471
Netherlands,2014-Q1,0.0006188672433240657,0.0016278713826563262,-0.021880540265055523,-0.035577981098388056,-0.0006822742079637977,0.0012980921517438924,-0.11480451081277754,0.9511161684446563,0.20081116586650394,0.03123156700471108
Netherlands,2014-Q2,0.0006361862610442657,0.0023556321350456273,0.2360288686460792,-0.046435462564699215,0.0007517545835972022,-0.018019492538375568,-0.02648125440076154,0.8009746123859722,0.15138081586716012,0.032300060617989346
Netherlands,2014-Q3,-0.0003108787167038344,0.002916242694072627,-0.11960828990422762,-0.04440926312784099,-2.2868038124729202e-07,-0.002503823700104855,-0.0022526647155498535,0.7807576227115156,0.32427386418880966,0.03538638752537715
Netherlands,2014-Q4,-0.0010691809540433344,0.0031205461734947273,-0.18839202058445473,0.006508134369908158,-0.002057664686812998,0.02100280223054937,0.04836597070965776,0.7538992455760307,0.6628601286595477,0.05291871010196264
Netherlands,2015-Q1,-9.891021895573442e-05,0.0036365114748339268,-0.10035445398241222,0.04271222406180508,-0.0006310298863121978,0.0021185655491283394,-0.2693079376764953,0.5686469243379575,0.8547960918684923,0.06404308719561203
Netherlands,2015-Q2,-0.0011325200028515345,0.002014794183185927,-0.03382932433600012,0.007561830890889687,0.003556226487728702,-0.0014706891694501768,0.9351616142900585,0.5430935125937566,0.5089835336481037,0.05962247160799178
Netherlands,2015-Q3,0.0003090508259774656,0.0015863135870837278,-0.24965613941547893,0.014058471507146675,0.0005045723535494022,0.008923912288696902,-0.6298557090349111,0.23387437773481334,0.3608818297659808,0.060420985392229176
Netherlands,2015-Q4,-2.588271034234318e-06,0.002739340736633427,0.041117605252013675,0.021805630678705,-0.0018126632089067978,0.004432538610007333,0.0666753773053752,0.3232858154098146,0.46731065317825093,0.05405584385775264
Netherlands,2016-Q1,-0.0004746069639369344,0.0023019906537501272,-0.3278285591551891,0.03494818721495685,-0.0016931903788281978,0.004810924440281274,-0.017797938650184305,0.24441501257616594,0.52391334717819,0.051866534192033464
Netherlands,2016-Q2,0.0009640784829544656,0.0038572274440389267,0.24377799578811749,0.027257417739418033,0.0012619655818226021,-0.004058444548979887,0.012024401939320088,0.11429181768223984,0.623790291834101,0.05363630694647098
Netherlands,2016-Q3,-8.226555514983429e-05,0.003608968153209227,-0.07352667781935773,0.05838454810696403,-0.0009416814809576978,0.005722225693263274,-0.003158514835573497,0.274650324994298,0.9414376500787554,0.06956072274865316
Netherlands,2016-Q4,-0.0010929984675321343,0.0033426946277531275,0.10058957149050426,0.0631265527956466,-0.0021509317535942977,0.007929740341127447,-0.005458443849229552,0.2835382210779134,0.8363182384038637,0.06707781925526296
Netherlands,2017-Q1,-0.002748165214436134,0.002860952569546127,-0.1914713968257603,0.07580195830113134,-0.0016509015362525979,0.003295894899412479,0.020212717081977475,0.24692798729555632,0.7941862904449244,0.07135393283092295
Netherlands,2017-Q2,-0.0015410194826008343,0.002031589483476327,-0.0937489675568304,0.07405399075561758,-1.881998174276315e-05,0.0008056314668159724,-0.001978685743894145,0.04077190493669347,0.553489718633768,0.07197253462644349
Netherlands,2017-Q3,-0.0010681363421469342,0.0017364509874899271,-0.08003621607012382,0.08114072111268023,-0.00023785454040649778,0.004683969462046269,0.03955192960962495,-0.31880318004444597,0.1336721438269568,0.07490760923351092
Netherlands,2017-Q4,-0.0008320087536956343,0.0017831123032254273,0.3232477466720753,0.08339795357566038,-0.0014537872141919977,0.00532169779198596,-0.0066986862681901425,-0.5368247181226597,0.039519181045166274,0.07014083470559657
Netherlands,2018-Q1,5.7534400660965703e-05,0.0013311451509057277,-0.1781457901000506,0.10619532329999837,-0.0012286313958502978,0.01173396915547328,0.010492919853986708,-0.5949937991055965,0.047320332823451494,0.07661465748333046
Netherlands,2018-Q2,-0.0005408942870625344,0.0015561832130312273,-0.034323469896461324,0.08120262881007678,0.00010468563987340221,-0.006266749022259797,0.0010540489370007879,-0.692778696899889,-0.0605741276286218,0.06834867157575003
Netherlands,2018-Q3,-0.0022861835783584347,0.002470431536102927,0.3791125934898546,0.07030029027333773,-0.0003615913845497978,-0.0038404304661646994,-0.032370605103861694,-0.6357115538220666,0.13726572181059815,0.06623593081567386
Netherlands,2018-Q4,-0.0022454928951940343,0.002520575136288227,-0.2173791278751368,0.07578885685040848,-0.003023681076835498,0.0035168150789633666,0.04869964953965744,-0.6581194059853144,0.31375873500511275,0.0629101751233993
Netherlands,2019-Q1,-0.004053815093117934,0.004369328468412427,-0.09376209664234442,0.08184277766856618,-0.002011567688701798,0.012076078296864159,0.019081019253875512,-0.7201022862581965,0.37288093443991777,0.06574553527120858
Netherlands,2019-Q2,-0.004468234652591734,0.004250521956538727,-0.14497475561425452,0.06414827584329963,-0.0011658503040062977,-0.0023316714756433134,0.01157076174726224,-0.8777976725492858,0.27897893200266743,0.06054821334671723
Netherlands,2019-Q3,-0.005553984145639934,0.004091701697503527,-0.12306730183517911,0.04743616256509553,-0.0013568821554733978,-0.0065566372650799655,0.02030996156449905,-0.9093425917176257,0.5917081437334155,0.05547945330604098
Netherlands,2019-Q4,-0.005173440860646334,0.004381223414736827,0.18855899885019528,0.042170528471256574,-0.0036023095742497976,0.0032855225984210444,-0.007951008654381694,-0.8932850819557192,0.6102813227712658,0.04614107266070494
Netherlands,2020-Q1,-0.0025573040754502344,0.0037450408338775268,-0.47133683600741594,0.04951884897119074,-0.0031954444130077976,-0.013188421505433121,0.012474122898107568,-0.9650537444043004,0.7694543041208672,0.045251205867128
Netherlands,2020-Q2,-0.002781046735666634,0.004985809783301727,-0.27946072463898414,-0.04892236911628056,0.0017465446447582022,-0.11388034524048543,-0.11200123096511061,-0.44832612319313814,1.4484447890421035,0.016374534759942327
Netherlands,2020-Q3,-0.0023172429431182343,0.0021491776462306267,0.12387284198041329,-0.001068968280983018,0.002792861574360002,0.06614420746163105,0.05427654555555139,-0.6808956111814983,1.2563703776432766,0.045039412364621945
Netherlands,2020-Q4,-0.0021239052140969343,0.00044820357804332793,-0.051599916861485316,-0.0063078467513619785,0.0011299077512815022,0.011262673491165023,0.03007995383736595,-0.7496102818326782,1.2612872154796606,0.03978447829192849
Netherlands,2021-Q1,-0.0036374376116512343,-0.0015760215073828722,-0.2189039973490982,0.03868918327147752,0.002389205641148002,0.002158909276580436,0.007663607796607467,-0.7676022565395226,1.0433062747565862,0.06641595898283492
Netherlands,2021-Q2,-0.003321088426472634,-0.0029616499779577723,0.01947950837030448,0.07050216634323192,0.0034765829478161023,0.03856056784547732,-0.022989780425423986,-1.0309443920641088,0.7537431682462583,0.07487217269103646
Netherlands,2021-Q3,-0.004021516539070234,-0.0019749573352094724,-0.07237352909484202,0.07200054678140433,0.003305543116622402,0.018112346974450935,0.007376792058706231,-1.0807212630105467,0.25793040804857004,0.07237059414269237
Netherlands,2021-Q4,-0.009933696508183836,-0.001751922834481473,0.016685357707331178,0.035800419928234684,0.0035794395201519023,-0.020366050723124838,0.0004527297418810451,-1.1990037341093922,0.4550518244997055,0.06353720137032892
Netherlands,2022-Q1,-0.015140860655956635,-0.0007304192356014736,0.6995273353341345,0.02792920855721004,0.0025147955086234023,0.018125388965880864,-0.0059990783807439794,-1.4457220402174915,0.4413158365290131,0.07009594388783247
Netherlands,2022-Q2,-0.015976965498969636,0.0004407414051761267,-0.1493652664568632,0.010162046766011845,-0.0007867353623689978,-0.0017517531633902995,0.002285323337446913,-1.5703142482834636,0.35638964894496095,0.07057901313814763
Netherlands,2022-Q3,-0.022968456610646035,0.0033845391292650273,0.18400986092648197,-0.020260402391530374,0.00039651587620110224,-0.017345590663030572,-0.02136892221825559,-1.6805914942603868,0.1666019987609091,0.07931200006571165
Netherlands,2022-Q4,-0.018496881991922336,0.004696993879918027,-0.06019229584817772,-0.040032146236145705,-0.0034271718302190976,-0.0032967964636764525,0.007772763309390699,-1.6970843505515383,-0.16490877715296914,0.06667747511567268
Netherlands,2023-Q1,-0.006083803514478934,0.004367037894597827,-0.5669504300539974,-0.03613055390858533,-0.0050775061638082975,0.011366905936849383,0.024873801160750334,-1.8447298458496533,-0.5013097053435533,0.04456464848448444
Netherlands,2023-Q2,-0.003217936470274834,0.0036374345446973273,0.06722678809667658,-0.05237347681183868,0.0026346245865064024,-0.009433323463883179,-0.02486982949419247,-1.9520972697477257,-0.5645117878906301,0.041419964968362255
Netherlands,2023-Q3,0.005078832014634265,0.0038873741106291273,0.6055066530748198,-0.05644647556312554,0.003959217240644402,-0.009463819875201205,-0.012674103884882767,-2.0113856373525563,-0.39677455163506714,0.04245380045265845
Netherlands,2023-Q4,0.009170228856038765,0.003971138123373227,-0.39193350507496344,-0.04430314755355724,0.002400222446409202,0.007180068725233104,-0.0107982976483687,-1.935276028506879,-0.4939086445172687,0.040394995473006956
Netherlands,2024-Q1,0.0031020769514485654,0.004218836137726427,-0.5049210772136054,-0.042457274024388925,0.004045423366231902,0.012546077066564711,0.019221089604500422,-2.029246189322228,-0.8440721370481654,0.03741790857473698
Netherlands,2024-Q2,0.003982706941769266,0.002699386191515527,-0.3847050820310598,-0.061196915523618056,0.005170196272492102,-0.009218983502530174,-0.002288184487256869,-2.0496163794586524,-0.9377292142029772,0.030958395427721996
Netherlands,2024-Q3,0.0019657175088145656,0.0028421535032648274,1.0710803590256306,-0.08256632203562075,0.004881702635980602,-0.012063044451000957,-0.002280482777169409,-2.169013869329805,-0.6025942360600403,0.025948714565856124
Netherlands,2024-Q4,0.0010376176564009657,0.0028223888679188274,0.2782225987788229,-0.07573189523906287,-0.0005002668002792978,0.009345955685309795,0.03544290302241815,-2.177250240514925,-0.3830471848757191,0.0195965698358877
Netherlands,2025-Q1,0.0023331971039612658,0.003301852076606027,0.1949357540058841,-0.07930695951742184,0.0008067997674200022,0.006387901329586745,-0.02721499692815787,-2.1628168575939695,-0.5908213104297491,0.014543243485087731
Netherlands,2025-Q2,0.0026883466857141654,0.002970415834134127,-0.1546216949002396,-0.10055458371658177,0.0019135056590734022,-0.00775786976642082,0.0031140520194312717,-2.237174943918805,-0.8333442359141308,0.006565775090256909
Netherlands,2025-Q3,0.0041971458926985655,0.003290319364093127,-0.08153880740854952,-0.11424222306554577,0.002020039491091102,-0.00760600493862321,-0.021856610918866478,-2.2261627054110256,-0.9102344548837302,0.0025184540422168444
Portugal,1994-Q4,,,,,,,,,,
Portugal,1995-Q1,,-0.0034810837579318157,,-0.04554966509234193,0.00324127781420478,,,,,-0.038303773923289125
Portugal,1995-Q2,,-0.0028016287227628153,,-0.04465552467690337,0.0023747480423313796,0.0011820847998466368,0.06515154608349322,,,-0.03953803356045907
Portugal,1995-Q3,,-0.003223527079615117,,-0.041249783082275115,0.0016983989173514798,0.0020947774853018776,-0.048674218371244804,,,-0.04064269989885755
Portugal,1995-Q4,,-0.004686747520886216,,-0.04065468080996659,0.0021339886593117795,-0.0005777549034805228,0.017623493177417456,,,-0.040759394404147456
Portugal,1996-Q1,,-0.005067354255797216,,-0.03933693696682594,0.0033393718965504795,-0.0036613088278448468,-0.030056736484748884,,,-0.03668098303230745
Portugal,1996-Q2,,-0.005803171148892816,,-0.04473376390950845,0.0015581445494492797,-0.004469052221420879,0.05128751387397473,,,-0.03633814643027454
Portugal,1996-Q3,,-0.005981778351673716,,-0.025721860345897518,-0.0009981554906299203,0.02291017840196777,0.03133006103206698,,,-0.03524399253444699
Portugal,1996-Q4,,-0.004951652160412316,,-0.024982782640147416,-0.0015109323147624203,-0.0013925725196491621,0.01372599101908983,-1.9175303285496768,0.6756922326915565,-0.0345005183599317
Portugal,1997-Q1,0.008437998156801952,-0.005272859730856717,0.35365828142179745,-0.007271333292257154,0.0007482216873137798,0.01958463437927219,0.04754752111599986,-2.052345007357801,0.5679091366795296,-0.03132950235921142
Portugal,1997-Q2,0.010174536176764754,-0.005460853568381916,0.26220808473843527,-0.006146256008285,0.0004039124920168797,0.0033729744212690795,0.03968569945264194,-2.0662633588228267,0.4973444854060083,-0.03300383640364596
Portugal,1997-Q3,0.009448780271617153,-0.0062710810092683165,0.12780745810281988,0.005228210797584509,-0.00020989283351582026,0.014717154650440465,0.020609861467708098,-1.992887096180647,0.46267893642220714,-0.03369891394497203
Portugal,1997-Q4,0.007663357232372053,-0.006617092496691416,0.11054626212829487,0.008374483967351853,-8.008669065913174e-05,0.0010768232375712207,0.00852972288801895,-1.863760430312292,0.4271680825840837,-0.03283428308654929
Portugal,1998-Q1,0.006976572331796752,-0.005095914451614916,0.4618199487803873,0.029219578951171776,0.0017626580760237798,0.01773317544115952,0.04982095532785097,-1.7246597435203044,0.3876118966308707,-0.026155795034579973
Portugal,1998-Q2,0.004548952809938852,-0.006700067491317716,-0.07351728594096144,0.03090313596219474,0.0024057214582006796,0.005218268965463766,0.015337441240525548,-1.6536952798991016,0.3773254776941639,-0.02596138189494858
Portugal,1998-Q3,0.003279553999316053,-0.006669377527487616,-0.25910018556924613,0.03862330370823752,-0.0007834691291180203,0.01008447210623534,-0.01757392996863955,-1.693473276663316,0.389365049090569,-0.02592386255830373
Portugal,1998-Q4,0.001630479043844153,-0.004594708737434117,0.25896816690956587,0.0413602233000554,0.00016588474436967973,0.003305653958383035,0.05323810069659801,-1.784713240805758,0.3030237221363995,-0.023686658792497498
Portugal,1999-Q1,0.001771045785609853,-0.004760865576887017,-0.04148541869636173,0.05626890067225876,-0.0011563062068148202,0.018695251061110172,-0.012705060087308043,-1.878786447353099,0.1597023421553294,-0.02251062815624308
Portugal,1999-Q2,0.0030078187253687527,-0.006154901897413716,-0.07622509454508214,0.05238489564672566,-0.00026986134910072027,-0.005041849133191247,0.0018056562207923706,-1.7399747635796534,0.23042967541931958,-0.020269757040766653
Portugal,1999-Q3,0.006131295411815252,-0.008223487720478116,-0.1274544427939653,0.0570373440566736,-0.0023440499957296202,0.0025349538453353394,0.01785171942096569,-1.657068522923006,0.27359657442510477,-0.019340814706600165
Portugal,1999-Q4,0.006682744837753052,-0.008708109005636316,0.20165307800108517,0.06009013299931221,0.0004750951519389797,0.003684005262504373,0.029149813635839846,-1.5201855795306005,0.2337278409388044,-0.018945135120493492
Portugal,2000-Q1,0.007455866112050253,-0.010570409285281817,0.12102736787833826,0.0849826316832396,-0.0003684663720907203,0.022624833628565186,0.033853012306259644,-1.3624457595381436,0.2526896620826664,-0.013051455900093864
Portugal,2000-Q2,0.005135683146880652,-0.011330184394032517,-0.15565873587866932,0.06506481592971758,0.0030271089415775795,-0.021317054379866276,-0.037937392214320964,-1.240649293757627,0.30086645651235744,-0.013437292954763605
Portugal,2000-Q3,0.002976100192789653,-0.010391002620208017,-0.021470410932232335,0.07385483395290882,0.0008384099163393797,0.010256595435405389,0.013366686955784187,-1.205528550334078,0.316488232569456,-0.011178663783128748
Portugal,2000-Q4,0.0015552793812672527,-0.009760146861894217,-0.13727342634891873,0.06689295515198523,0.0008807168174835797,-0.005420782284956429,-0.01012736011492527,-1.0919338070575084,0.3763007994872669,-0.011731784527461153
Portugal,2001-Q1,-0.0022264302974514473,-0.008326225589609116,0.07973370718754837,0.06038800155370039,0.0008060201618470797,-0.00935798329762835,-0.044960577289444414,-0.9720076637400132,0.3443105076521099,-0.008102811787597405
Portugal,2001-Q2,-0.0013621461452233475,-0.006639905849498916,-0.23677778856872841,0.0564035259569744,0.0024979802763313796,-0.0018908838385756875,0.04415132214640666,-0.8695230101894602,0.47169493614429736,-0.0057795751701430614
Portugal,2001-Q3,-0.0007664133454224472,-0.005995075500340317,-0.023784882447134535,0.05512132785823187,-0.00014578781363632024,-0.00098906503760662,-0.0070415806032855825,-0.7452766524822427,0.5008843290938298,-0.005050567965563718
Portugal,2001-Q4,-0.0012082274371329471,-0.0034408006652185165,0.006000719242646265,0.06513204668504002,0.0007910066791387797,0.0142105236102518,-0.006070896186843258,-0.70074172079219,0.45206969304136346,-0.003215183116248771
Portugal,2002-Q1,0.0009492401554114524,-0.002942096056137416,-0.07165044914444074,0.0639379298130911,0.0008484731882826797,0.0002794999365155794,-0.0028495008006182458,-0.6574049500896668,0.4286132354118942,-0.0037215311254954336
Portugal,2002-Q2,0.0010335429967428525,-0.002587508221172716,-0.23632754602116263,0.04425290442903407,0.0007032145617710797,-0.016814508470397085,-0.03567746832451674,-0.5755384725225634,0.4169526123429299,-0.006253047206750864
Portugal,2002-Q3,-0.0008101505527115475,-0.0012793455941391158,-0.43947182128088613,0.03934144427441222,-0.00302181325339572,-0.007372841728111892,-0.05130241761247062,-0.5292100029279043,0.4527646659336978,-0.005313879482170422
Portugal,2002-Q4,-0.0023325829270309474,0.0028154491905527847,0.3150947563905947,0.02654470222266614,-0.0016070015383908203,-0.015773190872407552,-0.036320715008258786,-0.5565849000725775,0.36860136910902797,-0.0036097458569002844
Portugal,2003-Q1,-0.0034240175129539472,0.003336225448317685,-0.11230395922945634,0.02497054055630432,-0.00337821690829112,-0.0087206075586744,-0.02187106479855855,-0.5363391335598902,0.39845965876885237,0.0006234351346485895
Portugal,2003-Q2,-0.0028640710157274473,0.003742478756342484,0.009599552747790764,0.014058936909954856,-0.0014289686031031203,-0.009163412051688438,-0.009832465616749945,-0.5119654369304634,0.4093151590983165,0.0001207311520251414
Portugal,2003-Q3,-0.0003471824002296473,0.00011547990471758376,0.04921138986696276,0.015456409844844199,-0.0033579451367281203,0.0022029980101526993,-0.018574850064588647,-0.6097499410271743,0.3118047695468047,-0.0014726089218995014
Portugal,2003-Q4,0.0012724661811537525,-0.002534200478598916,0.011448827136176166,0.014191653449494801,-0.0007259709237023203,-0.0006879875499153608,-0.03458687671729349,-0.8417774535522802,0.13432434048343067,-0.001186677654103574
Portugal,2004-Q1,0.0013829163943625527,-0.0039551544249642155,0.028853692622387964,0.019748327225954654,-0.0016839780796121203,0.00014202435238655844,0.024738868181884695,-0.73897218723573,0.09377102677019677,0.0021811123770958396
Portugal,2004-Q2,0.0011591211156331523,-0.004171429101734016,0.013233601776403765,0.015581055189680448,0.0008027075991162798,-0.003671394123097995,-0.001086734354128596,-0.6905958641006034,0.13272314950952402,0.003031146117542474
Portugal,2004-Q3,0.0009063957172890528,-0.0034146991316592167,-0.011665255363605936,0.01832424774243302,-0.0024687046160966203,-0.0021646153792810006,0.0009950471449488548,-0.682410273927887,0.13489454577073867,0.0032197599816119887
Portugal,2004-Q4,-4.805833134574741e-05,-0.0025605580784815157,-0.013150442846371034,0.018408781771095395,7.06981328777608e-05,-0.00219474731066124,-0.0013118859252668228,-0.654910457267136,0.18184127242276404,0.004196942303980766
Portugal,2005-Q1,-0.00010596318748724723,-0.002779701493696716,0.05293902806947347,0.020457495739412135,-0.0017782466201732203,-0.0013390102950415449,0.0027697255843185916,-0.587398498391968,0.18613744476474903,0.0024589439904659366
Portugal,2005-Q2,-0.00018556236984274737,-0.0033963199097686164,-0.10898306879661994,0.020219041441170926,-4.5820697972392765e-05,-0.0006972772847456364,-0.008628975838718193,-0.5025888776547565,0.23957207058569163,0.004506463172866251
Portugal,2005-Q3,-0.0020085933652939474,-0.0033371885566830153,0.21475925059493717,0.012916511416915188,-0.0014142798356593202,-0.007692802877921592,-0.00820036295412591,-0.47983571951643444,0.24092993353454317,0.003039575008299142
Portugal,2005-Q4,-0.0020672777609341475,-0.004479601523819815,0.10835048954596506,0.012662730455313298,-0.00021539075991772026,0.0011590930295847547,-0.013995189847376525,-0.3549983299206638,0.27948287563968477,0.00409395231591668
Portugal,2006-Q1,-0.0034327716546066474,-0.004796670852613717,0.34673337380413977,0.013823914327392828,-0.0007404115972162203,0.002179691695338635,0.004203950849657132,-0.22478328971655603,0.27199996046534825,0.0049562934895794886
Portugal,2006-Q2,-0.003810734760052147,-0.005363902347294116,-0.22903098481079812,0.007809306928222792,0.0003792153507426797,-0.0003751401301284839,0.009528637318226115,-0.11586991117143519,0.35557343344943737,0.0052935946186044025
Portugal,2006-Q3,-0.0019911641668601474,-0.003911456151997816,0.19250569024920666,0.013133551820577072,-0.0023284263375753203,0.006642204184797693,-0.03973502267160539,-0.18402393282040963,0.23201669781786505,0.004050489247053327
Portugal,2006-Q4,-0.0010753425603026471,-0.0031737278736709163,0.018610897835130667,0.022830380222438773,-0.00014501523116852025,0.011849510953724805,-0.005631962194783627,-0.14530032004908255,0.11053453106649824,0.004908191887424057
Portugal,2007-Q1,-0.0004360875600292473,-0.0033124050721177155,0.17562399716255128,0.0342275237475671,-3.9856720495497424e-05,0.012452514709769078,0.03286397331186025,-0.06372626937227377,0.1854705841128228,0.0064564369607203465
Portugal,2007-Q2,-4.962958570694717e-05,-0.004312421060424416,0.33688402730026945,0.02272635796166389,0.0033818971499410795,-0.015196117757807128,-0.01725550832456341,0.012008307265502616,0.09289529934132812,0.010235534816246658
Portugal,2007-Q3,0.000945574915726553,0.000468802646563184,-0.5296183325309674,0.03155898335280094,-0.0013170302996734203,0.006773332236320515,0.015391446219501444,0.10026731477198414,0.19614771506184003,0.010388719381208125
Portugal,2007-Q4,-0.0008262609380996471,0.002697389575674185,0.16551022320141706,0.0384144371538917,0.0017615509088125796,0.008402161086555369,0.02106386316997438,0.17540993116969528,0.09494153412677209,0.01382233258833776
Portugal,2008-Q1,-0.001981922851226947,0.002545973633164283,-0.4044707584290369,0.03427633584580647,-5.993886854662944e-05,-0.008137754151587542,-0.0010037582616302968,0.2789823247088612,0.16316219332913007,0.01629380414103461
Portugal,2008-Q2,-0.0010751174545466473,0.004819952327816684,-0.3448494449501207,0.016812979106868742,0.0017601157844685798,-0.02324697771238834,-0.009899739456916083,0.3799119079753961,0.21676346700485882,0.020242394558817114
Portugal,2008-Q3,-0.0015537937005897472,0.004880609906271384,0.18177748079076897,0.014375452250374288,-0.0027249758408322204,-0.009190995945493965,-0.020661898878248822,0.48445817354357734,0.14317692115561442,0.01975013576733349
Portugal,2008-Q4,0.0009325142877719527,0.006558782793175585,-0.26831624445574104,0.013046594343629536,-0.0026606982937492202,-0.010183709621813888,-0.03134757016346518,0.6012536594548976,0.10572349557659111,0.01988413567775664
Portugal,2009-Q1,0.005038953107667853,0.011259585413304582,0.15148276902998437,-0.0036411396346722746,-0.0034191311229571203,-0.03577864530911565,-0.06517392058242072,0.7027798199731317,-0.06526697482332389,0.01989249504689221
Portugal,2009-Q2,0.007520487263587953,0.012682052158124285,0.20281669825910106,-0.004789239912375454,0.0005063523740238797,-0.005582431170268434,-0.005163848057060663,0.7452363925201135,-0.11285861394148777,0.022664600171169655
Portugal,2009-Q3,0.007516476030505053,0.007312557147079185,0.134017293895224,0.006383109983438828,-0.0019805214442623204,0.00968256126312764,0.028692781932022567,0.7657492039331162,-0.21944948723403446,0.022934305810452374
Portugal,2009-Q4,0.004788057693617353,0.003813130050253284,-0.22387697352080402,0.006884911202449828,-0.00047163230841612027,0.003424080696841445,-0.055089255358518996,0.8839395281625255,-0.0994916291125898,0.021635484248015605
Portugal,2010-Q1,0.003420124923414953,0.002734510166295884,-0.13849403129777932,0.012904906865792931,-0.0015023114113011202,0.006379773283302557,0.0025396470334494966,0.9415579777924323,-0.1332663057485135,0.02219805003975804
Portugal,2010-Q2,0.0034356680186012527,0.002066632711582682,-0.23489249298928533,-0.004382097981149524,0.0011503062739759797,-0.019064005676242415,0.014407981570595692,1.035972377023492,-0.04023558966263807,0.022566099989470498
Portugal,2010-Q3,0.0025966107314017526,0.001913937334741685,0.10316962567379136,-0.0011975243969426508,-0.0007200957922363203,0.007907133328158098,-0.0545946569377343,0.8854176250011454,-0.1049263228574926,0.021391397714531482
Portugal,2010-Q4,0.0036706603645592526,0.0021740565132554856,-0.09827768596023753,-0.00803316651796937,-0.0017236807745544204,-0.009562390634356346,0.0375698362544305,0.8882186064056148,-0.06734668393475829,0.023986380807531058
Portugal,2011-Q1,0.0022639418144406523,0.0015580342308870836,-0.0012607415754939347,-0.03138277632735331,-0.0007990991967326203,-0.0262273448807134,-0.1050358911187122,0.9967305306075342,0.026239903111822782,0.024738948630547195
Portugal,2011-Q2,0.008642161767741753,0.0010662914061327841,-0.13306596687678582,-0.059612939221713734,-0.0003102954847755203,-0.030991201007904392,-0.061630543159804374,0.9234578309907016,-0.023787091096467927,0.023753046062315195
Portugal,2011-Q3,0.013794309377106554,0.0026753008806802824,-0.08532456435919324,-0.06165085775665746,-0.0023459746442923203,0.0018329998142986616,-0.041189283618638994,1.006619720523462,0.059684671464750094,0.02391947997613532
Portugal,2011-Q4,0.013765049871458554,0.005594507051638284,-0.47376390484912234,-0.09868501526897955,0.0033823892598453796,-0.03258288422745412,-0.07017661860816565,1.0807795569856653,0.14217905527271624,0.021039948477870343
Portugal,2012-Q1,0.01736537701480395,0.006456999997308083,-0.2700955809943946,-0.11810907287209993,0.0031283293446237796,-0.014898252735128095,-0.050431054300757394,1.1383900483121976,-0.12743778155648955,0.02084767021493232
Portugal,2012-Q2,0.013819616270555354,0.0055910377013580845,-0.2216863452252736,-0.14598999352963382,0.0022143527281181796,-0.03154634836578882,-0.1080316205881165,1.3954657950328766,-0.02347791715577552,0.019435574760435045
Portugal,2012-Q3,0.009190057976595353,0.006369068776360584,0.21242781322324578,-0.1437269707569877,-0.0007624786516790202,-0.0025109001241828376,-0.023419789317605636,1.4378266974291392,-0.09159113487985393,0.02158160344000097
Portugal,2012-Q4,0.0071564190802543524,0.0055189621110183825,0.10156404935486886,-0.15107693786720056,0.00010536041553557975,-0.017900211321431127,-0.041692876902807596,1.4283144099508243,-0.09094784844340853,0.023276131080957538
Portugal,2013-Q1,0.007450840621144853,0.004622876435609482,0.07262758287904016,-0.13473147164407218,-0.0019818864225657202,0.007104390397821989,-0.01597315821425133,1.421902143869862,-0.07925834754182404,0.022911995522650427
Portugal,2013-Q2,0.005745534891356553,0.0028039760963669853,-0.019867200955187535,-0.13866428446233536,0.0023381791193256797,-0.010511231484877284,0.005620876975846953,1.4048348346608424,-0.048202808193589464,0.02319323269848865
Portugal,2013-Q3,0.008897878954997952,0.0029003205244439844,-0.001776812666449635,-0.12325009385964725,-0.00023115344985632025,0.01144748851235403,0.0017826731075558074,1.2616566135016396,-0.09575741825284623,0.02199576341751676
Portugal,2013-Q4,0.008202800478109952,0.0028381968407095847,-0.08178587126759634,-0.11631399936286924,0.0009943554783338798,0.005268384841897431,0.02575320559702726,1.2146115887832045,-0.1557324092376169,0.020110767713024044
Portugal,2014-Q1,0.004968053717514253,0.0016278713826563835,0.16722997444558768,-0.1109748328579303,-0.0014230738493013202,0.003073383258749205,-0.02927371783305516,1.3460084520980127,-0.3675109910466985,0.0166083786408915
Portugal,2014-Q2,0.002528935953143253,0.002355632135045584,0.28170315873719465,-0.12289937221062175,0.00295281760682058,-0.015618945276440668,0.011171979650335059,1.3249408154419586,-0.33902503793292116,0.014512405691975983
Portugal,2014-Q3,0.0026115204463205526,0.0029162426940726825,-0.3542128348480567,-0.10849166778773167,-0.0003187139659512203,0.008634479949367533,0.027472522685060893,1.2670333035049888,-0.2513738194882613,0.01387574113478486
Portugal,2014-Q4,0.0003550116455052531,0.0031205461734947846,-0.4741460842727455,-0.1121084596815134,0.0007939000603332798,-0.00021039282937048917,0.015974948103575966,1.3782821560360992,-0.268986881216039,0.013392358661052511
Portugal,2015-Q1,-0.0020000612072150472,0.0036365114748338843,0.49418102006868,-0.08210818021879751,-0.0017489816796875204,0.025441091953241655,0.025612951822241155,1.4607368066779634,-0.2502574622926821,0.01447078358716275
Portugal,2015-Q2,-0.0032142639615563473,0.002014794183185885,-0.07417552245909864,-0.0963458765779639,0.0034978324810276797,-0.01876539693202747,-0.0019330983736321498,1.318163548022016,-0.20750561890578756,0.013447757428650231
Portugal,2015-Q3,-0.002826522965376047,0.0015863135870836844,0.03364735255766986,-0.08330324011010815,-0.00231148394861272,0.010172331406450939,-0.010585834179801582,1.3317171447329326,-0.15309881182904905,0.011723636087962577
Portugal,2015-Q4,-0.0024787568610939474,0.0027393407366333843,0.11309552496478086,-0.0795150281951078,-0.0005455900974357203,-0.00018489417129837968,0.004993299954557826,1.2573593982529614,-0.24458031555608173,0.010917829820238284
Portugal,2016-Q1,-0.0011531098896930474,0.002301990653750084,0.008157357221139565,-0.05818990165854698,-0.00270303557501112,0.017847418453017214,-0.007163586118654366,1.1501393621819815,-0.2193310960456174,0.009816980579781115
Portugal,2016-Q2,-0.0002435185668181474,0.003857227444038982,-0.014084300912278833,-0.07250688049120013,0.00277626971564398,-0.016321667102577733,-0.002422739263131804,1.0992652552278113,-0.1963152343390313,0.008544066525465271
Portugal,2016-Q3,-0.0008829149044062472,0.0036089681532092844,0.08990454336149596,-0.05454022054452379,-0.0017340042731374204,0.015259140641489397,0.03369328349694095,1.057732571940078,-0.14822780318343853,0.007679948641706513
Portugal,2016-Q4,2.346666786955283e-05,0.003342694627753084,0.10940846507102436,-0.04595742981709128,0.0007721675782232797,0.006772327493965422,0.050629965603418314,1.0070693137628113,-0.20932416072681503,0.0066147882614341486
Portugal,2017-Q1,-0.0003104027251052471,0.0028609525695460856,0.08136283299812136,-0.03316820783831709,-0.0006891359622378202,0.00894865968875128,0.026298404904791125,0.9561766685425872,-0.27617525165912027,0.007343629553897266
Portugal,2017-Q2,-0.0019463629972245474,0.0020315894834763825,-0.19306693966988553,-0.03981659677192351,0.00238564134977528,-0.0084694435600868,0.00845343237241097,0.9286987418517509,-0.2771814272909878,0.007552078208210994
Portugal,2017-Q3,-0.0022695212786223475,0.0017364509874899844,0.17769516223518816,-0.02126401549404955,-0.00269728773665102,0.01478615445537149,0.013540203223643073,0.8225232151171684,-0.3454125759234339,0.006770904120841692
Portugal,2017-Q4,-0.004942018304076847,0.0017831123032254845,-0.3515848470706082,-0.018721321650452705,-0.0004928835639970203,0.0009123163873047437,0.026281637680094446,0.7687071351442807,-0.35079738055022935,0.006260190816054986
Portugal,2018-Q1,-0.0036843909202106473,0.0013311451509056844,0.22530075904595387,0.0015853128177854003,-0.003908833288075821,0.01693831127761972,0.008820996471152694,0.829825156508567,-0.3328217214172562,0.0050613139237368765
Portugal,2018-Q2,-0.004312966523142847,0.0015561832130311839,0.2502987484911839,-0.012503304592623277,0.0023571925533448796,-0.012479131794461109,0.01403986335165713,0.7408395058517225,-0.3831439821958167,0.0028684027936349693
Portugal,2018-Q3,-0.005033241356137048,0.0024704315361028847,0.008251880717321166,0.002946667670377323,-0.0027288886262835203,0.011977842045756946,0.017584777186289754,0.6172607303740687,-0.37241604168601805,0.0031219356146341415
Portugal,2018-Q4,-0.0034971306450132474,0.002520575136288285,-0.12861616986498642,0.008748095815447332,-0.0018725444795748203,0.0034457946248144557,0.02336210580244463,0.6089488366497897,-0.3353346696603008,0.001797951143771126
Portugal,2019-Q1,-0.004139641038421747,0.004369328468412483,0.18948920610521608,0.033765218522264995,-0.00400851793467632,0.020826419945696815,0.041644885763456985,0.5893052701615327,-0.3589383702855615,0.0021064512162246307
Portugal,2019-Q2,-0.0050325529898664475,0.0042505219565386835,-0.03502558247264144,0.01644281060723074,0.0020370850229650796,-0.019432522807602295,-0.02070058985193596,0.5908877734606226,-0.341715312928045,0.0007320673816953033
Portugal,2019-Q3,-0.004639452588105947,0.0040917016975034835,0.06325478898172146,0.03943435831089026,-0.0034041983755261204,0.019823519915589758,0.007926949627348575,0.43269988097524603,-0.3117441559789669,0.00045372158954383457
Portugal,2019-Q4,-0.005372086536324648,0.0043812234147368855,0.007711700113964665,0.04057511696445326,-0.00015455332596712025,0.0015727798486876755,-0.006581316868416623,0.32797588403228817,-0.3316963820379024,-0.0018578514455848266
Portugal,2020-Q1,-0.005688599264567647,0.003745040833877585,0.08252879168192566,0.008892991082382284,-0.0038239300065186204,-0.045777461051495466,0.0011552526690063432,0.45340323049620856,-0.383583562242912,-0.00653521927950329
Portugal,2020-Q2,-0.0039932420488396295,0.004985809783301683,0.0014039973762660649,-0.14350911057958093,0.0016713601929542797,-0.1982839651944955,-0.09824641176855137,0.8845426912949481,-0.6372148696231301,-0.014026632314704551
Portugal,2020-Q3,-0.0049723387096720474,0.0021491776462305833,-0.21764465611240172,-0.014190792304477728,-0.0023922142258763204,0.15513628927496673,0.09822947406401633,0.5122289325356473,-0.3583259621291006,-0.00038237528466887605
Portugal,2020-Q4,-0.004993126498066447,0.00044820357804328456,0.16492438810505947,-0.012146901049950198,0.0004938118576834797,-0.0005908382477391692,0.010444621597020583,0.395390275850807,-0.39902528477195065,0.00153854239564645
Portugal,2021-Q1,-0.006487793303325048,-0.0015760215073829156,-0.03845010176034473,-0.01952177621048623,-0.0015868550382940204,-0.018065573200957443,0.03598658816430417,0.46868095668460574,-0.3486355571244948,0.002150377683168739
Portugal,2021-Q2,-0.006483971416051547,-0.0029616499779578156,-0.10325252947066964,-0.0017435188400138912,0.0017256995045114797,0.02124122306873436,0.009804879458529866,0.38950550159398967,-0.28010299582563025,0.0011903204237748988
Portugal,2021-Q3,-0.008610839447081946,-0.001974957335209516,0.19462054421395067,0.03410070851642022,-0.0017931658647194202,0.039230618325425765,0.01750717133641005,0.2710787976604254,-0.26916798381627105,0.003064393574986529
Portugal,2021-Q4,-0.010234292468496747,-0.0017519228344815164,0.05423975290054947,0.04039670592564981,0.0007263549618280798,0.009660004407222731,0.04061752162311011,0.15869105095958602,-0.2599187940302743,0.00277242649906545
Portugal,2022-Q1,-0.013431637347707448,-0.000730419235601517,0.2177096808378106,0.05462612726025817,0.00022922114200007974,0.01686386803862253,0.021922500299334343,0.06437823402436038,-0.23817360700498957,0.0031350707202687927
Portugal,2022-Q2,-0.019326955685602047,0.000440741405176184,0.16337839935397167,0.02161441095283445,0.0055536130808279795,-0.02523914036459959,-0.05362618229399102,-0.036121213934456,-0.2968851558417889,0.0017391956350756577
Portugal,2022-Q3,-0.021348777834941046,0.0033845391292649848,0.013235205766020466,0.03098341588164466,-0.00329769091139072,0.011833491482897616,0.014763666216648316,-0.10938765219957247,-0.21498146782062122,0.00022857137669929362
Portugal,2022-Q4,-0.021319462670439146,0.004696993879917984,-0.09598482639816373,0.037595124026577054,-0.0005348737301290202,0.009774802016767312,0.000704887089625514,-0.26123139317594113,-0.3245660986114085,5.447155072696441e-06
Portugal,2023-Q1,-0.01616944519265455,0.004367037894597784,-0.03529054955816313,0.07399683683010738,-0.0034011104955161205,0.04096626540288764,0.030013739173989803,-0.37070913428000085,-0.3237105055617078,-0.0004135350464070098
Portugal,2023-Q2,-0.007178393707071247,0.003637434544697284,-0.06509519073357053,0.06778417032934847,0.0034921804437579797,-0.005170318934868048,0.0003639839450730294,-0.3934463605955618,-0.2944816566172668,-0.0036481722278539908
Portugal,2023-Q3,-0.004195722597100647,0.0038873741106291836,-0.06043760642321404,0.08109489666843217,0.0013539736847913797,0.009597735986241505,0.016540416993866044,-0.5380731326425638,-0.30652874027885435,-0.003550522097316655
Portugal,2023-Q4,0.00020890144284665263,0.003971138123373184,0.10091275556004356,0.08186886474185084,0.0034400159484216796,0.0006797090229783455,0.021253343001436716,-0.6492910214988554,-0.3485228184081952,-0.007452019226394782
Portugal,2024-Q1,-0.0015545245164653473,0.004218836137726384,-0.4214740397923209,0.10404611551901222,0.00233477315581208,0.02354461285612733,-0.016891990619351264,-0.7171197419039164,-0.18167578635819526,-0.007007303428595138
Portugal,2024-Q2,-0.0022754358940727474,0.0026993861915155844,0.23516286719375856,0.09114948265214706,0.00529296182090228,-0.014935142691272132,-0.0007850599366730519,-0.7644566098243886,-0.20075814678020687,-0.007495796820603723
Portugal,2024-Q3,-0.0013332010348215471,0.002842153503264883,0.015937668061565463,0.10653199151761727,0.0008518148393395797,0.013527809436515357,0.03758024534871568,-0.8724851040801436,-0.22033105745118564,-0.008199285340663456
Portugal,2024-Q4,-0.0028730101324458473,0.002822388867918883,-0.3109621128208817,0.1089898371196476,0.0016452914282003798,0.0022805562380247314,-0.0015154008235925302,-0.8980618044246516,-0.14394020712587774,-0.009468574276447289
Portugal,2025-Q1,-0.0011716069355820471,0.0033018520766060853,-0.08883344033256774,0.11386286888242703,-6.581075284944836e-05,0.0016750178268990813,-0.015209885755281208,-0.9009981396732021,-0.10094079148613355,-0.009895529870164232
Portugal,2025-Q2,-0.0011037577915808472,0.0029704158341340835,0.13856107395642717,0.1063872775783643,0.00401102420775308,-0.00627592357869541,0.0013739718207048087,-0.9140382115799848,-0.10991302412447679,-0.010182420752864699
Portugal,2025-Q3,-0.0017201988693942472,0.0032903193640931843,0.10311870116676716,0.12403559105889927,-0.00017582981908722026,0.018857824187617753,0.04970694677136217,-0.999096242969236,-0.1142447200241361,-0.010436593291753879
Spain,1994-Q4,,,,,,,,,,
Spain,1995-Q1,,-0.0034810837579318096,-0.17470767037918591,-0.14915082785347322,0.0017577086646498076,,,-1.7154048967598554,-0.030954256951975845,-0.06780102502000036
Spain,1995-Q2,0.016185208774847797,-0.0028016287227628093,0.0712423460137788,-0.14981871551752146,0.00023245900060990776,-0.0006710034458348967,0.010326410134168986,-1.7532688015840194,-0.022825728234575737,-0.06839676671656256
Spain,1995-Q3,0.0162974647572793,-0.003223527079615109,-0.10681667960352821,-0.146678523252892,-0.0008713004086039922,0.002004790581410818,-0.004732845257491656,-1.762950725077196,-0.049679551295245816,-0.0693847265770965
Spain,1995-Q4,0.015065099192640997,-0.004686747520886208,-0.03586839764360501,-0.13965632719529508,-0.00012326893899289223,0.006766652136314919,-4.6077959244082006e-05,-1.7746402020086982,-0.042434119756099564,-0.06933422497114702
Spain,1996-Q1,0.014892738926642198,-0.0050673542557972085,-0.08171268426374721,-0.14365019135029367,0.0008571786424855078,-0.0033450107898188274,0.005087421677064077,-1.7575069699504464,-0.05264895223352195,-0.07122966312300572
Spain,1996-Q2,0.013717093655154397,-0.00580317114889281,-0.04810153357301021,-0.14388189734386403,0.00037568345457650776,-0.000911724586576481,-0.02340512621976246,-1.724074585208463,-0.06299507125061377,-0.0712443041862185
Spain,1996-Q3,0.012253348286672596,-0.0059817783516737085,-0.1450993717854036,-0.13235683058318592,-0.0013360618192179924,0.011396679105711103,0.019608850948312186,-1.695037226700703,-0.04974090379852003,-0.07081440510574785
Spain,1996-Q4,0.009713073583413797,-0.004951652160412308,0.1693706199295299,-0.12814112374079412,-0.0010760749062951923,0.0015988969911736907,0.002428564549819958,-1.6520579133639002,-0.05744265870881082,-0.06958804499281286
Spain,1997-Q1,0.010257862833325497,-0.005272859730856709,-0.16100045417853331,-0.12579196104255064,-0.0003180323425277922,0.002303366782500236,0.0046090251892319765,-1.5743204321420614,-0.11876272902135199,-0.06925840324887819
Spain,1997-Q2,0.012135883871994697,-0.005460853568381908,0.13376516352378298,-0.11837864168395362,3.5939192553151764e-05,0.006527105171204726,0.03204704979331793,-1.5335844303829207,-0.12597719475631297,-0.06932300884734702
Spain,1997-Q3,0.010341379981213896,-0.006271081009268309,-0.0699071549922261,-0.10629714584552086,0.0009259587418910078,0.012154788260653335,0.003542139674505753,-1.518895905223252,-0.08999808532708087,-0.06740108355729191
Spain,1997-Q4,0.009084843471528097,-0.006617092496691409,-0.12272950305507711,-0.0832287058247525,0.0006796211704505078,0.026555993037225365,0.022319728573764044,-1.5293252072305457,-0.004140923770956206,-0.06536116938507022
Spain,1998-Q1,0.007850614056859197,-0.0050959144516149095,0.3865137043090355,-0.09349614817026608,0.0009128553995878078,-0.015652477325999028,0.022929486941719892,-1.532745753118649,0.09885485337548611,-0.0663123445304445
Spain,1998-Q2,0.007092029744652896,-0.006700067491317708,-0.0748354981145026,-0.07527881766470523,0.0010581322104946077,0.01669638822142386,0.012061205989675718,-1.578513566726735,0.20646162353664255,-0.06370638006598489
Spain,1998-Q3,0.006352468950958397,-0.006669377527487609,-0.35110388914345403,-0.07001181359385256,0.0012891461030609076,0.004634341705818033,0.03528951219872453,-1.614375080014859,0.19928488799059213,-0.06330805955374764
Spain,1998-Q4,0.006447639058098796,-0.004594708737434109,0.2914201924132947,-0.045732039156878956,0.0009860445832068077,0.024017494654669323,0.023385748168670863,-1.5672428522010988,-0.030853392043734718,-0.06014356023846279
Spain,1999-Q1,0.004623802421485197,-0.004760865576887009,-0.3252083885200107,-0.047095495706157564,0.0015735413602704076,-0.007513783362972672,0.01953370580288513,-1.432848926890766,-0.43080560724389916,-0.056685421582458206
Spain,1999-Q2,0.004300380485339197,-0.006154901897413709,-0.1578480603813949,-0.03621401732493901,0.0010068044699213076,0.0027888043194893887,0.02596528747729784,-1.4173460439116674,-0.3110210751467274,-0.04834222151534244
Spain,1999-Q3,0.005940991857227197,-0.00822348772047811,-0.23589833061852492,-0.029325078334683674,0.0009311107695029078,0.008682344499816894,0.013565679012308953,-1.393107918098173,-0.22861812756785116,-0.0464571603153139
Spain,1999-Q4,0.005823254780160297,-0.00870810900563631,-0.03908008985417881,-0.010717238024603226,0.0008580694928344078,0.017594137285601805,0.019541277773951284,-1.393761805935335,-0.30898654904759926,-0.042318140756276004
Spain,2000-Q1,0.005711478235989897,-0.010570409285281811,-0.11122197053106911,0.002637819817824516,0.0021893886121217075,0.009009907406256987,0.038150760137484946,-1.2421983786522204,-0.29145657143153403,-0.03625207936396534
Spain,2000-Q2,0.004548947793625597,-0.011330184394032508,-0.3327907765616185,0.00972845599671679,0.0022261685028063076,0.0035831527490367866,0.012581022015582723,-1.19237845364409,-0.15239420923010982,-0.03138194994687345
Spain,2000-Q3,0.003429992022657897,-0.01039100262020801,-0.1470519093136699,0.015357635404828152,0.0028334757575656077,-0.0009057379878006609,0.006410142513807306,-1.1681774990355134,-0.20070742200941538,-0.02500617082762932
Spain,2000-Q4,0.002105908120021897,-0.00976014686189421,-0.3237030571109698,0.025576211532724047,0.0015037813630687077,0.012233474400241393,0.0099359975620846,-1.158299770971155,-0.06753217890792085,-0.0224582319037801
Spain,2001-Q1,0.0017459390385216964,-0.008326225589609108,0.015043465355099983,0.034990676387822495,0.0011980857190725077,0.011434002841367006,0.005648163947508413,-1.0927267084283079,-0.11772782620741162,-0.020823893703939778
Spain,2001-Q2,0.001450741606353197,-0.006639905849498909,-0.3789361183059706,0.03405239757914624,0.0020305193805061077,-0.0027635324439790575,-0.001749860115598887,-1.1153537420617912,-0.12568870006129274,-0.017528694349227866
Spain,2001-Q3,0.002479811532786997,-0.005995075500340309,-0.16886336202821892,0.047195360422733534,0.00043704113214650776,0.009956188086751725,0.006182792082682544,-1.1056344375682408,-0.08657163358726194,-0.011382403731693469
Spain,2001-Q4,0.003808340753245697,-0.0034408006652185087,0.09572188783303628,0.06073002232539526,-0.0008665203739206922,0.011034718002659902,0.007941602012305173,-1.1451329651771747,-0.18778589065936702,-0.008752870003392837
Spain,2002-Q1,0.005272976217429696,-0.002942096056137408,-0.2297091219692113,0.06767973695821139,3.759811518991642e-05,0.006793547542018361,0.009136300721292647,-1.1424887707661306,-0.24495987021952248,-0.006794480466232461
Spain,2002-Q2,0.0033749558836770966,-0.0025875082211727083,-0.20773012000200602,0.05565727674385479,0.0029723739986304075,-0.007570310285225004,0.004905462239079474,-1.1661993169018032,-0.24147151800788713,-0.006577512513450651
Spain,2002-Q3,0.004645191306986697,-0.0012793455941391089,-0.2889729897286375,0.06668876876877539,-0.0024218422298593924,0.010214323221690167,0.009994664914712095,-1.1265543832723524,-0.18296389479856778,-0.006936718213304327
Spain,2002-Q4,0.00014453913803399695,0.0028154491905527912,0.167957019103615,0.060994166846738196,0.0004178217503132078,-0.006548981510289122,0.011949118427146379,-1.141444597745516,-0.45338028951272913,-0.0040238729484793345
Spain,2003-Q1,-0.0004403939831400033,0.003336225448317691,0.0015816493357993788,0.07215223216151934,-0.0025109174021048924,0.01280469483805061,0.02567024728642017,-1.1887773695244925,-0.5078935217851158,-0.0028555084164314792
Spain,2003-Q2,0.0013054244991542968,0.003742478756342491,0.12267549888312856,0.07015050316317173,0.0011880077500736076,0.0006613607096865072,-0.0008111661082409773,-1.1636498286528723,-0.6020743108522292,-0.0018206424369249241
Spain,2003-Q3,0.0017708541587008967,0.0001154799047175907,-0.1909665425940063,0.08187770302386688,-0.0018372804702329922,0.011576788314667939,0.025907655923406017,-1.1753906823156557,-0.5355803170121683,-0.0006025779727567848
Spain,2003-Q4,0.0028924829325793966,-0.0025342004785989082,0.1641771801545987,0.08262837357137665,0.0019263682616226076,-0.0006696186951243542,0.009650978901369092,-1.1793128498441363,-0.5816232911232512,0.004063975986592333
Spain,2004-Q1,0.003339713915481997,-0.0039551544249642094,-0.12742711596722542,0.09755664208195491,-0.0011585972107364924,0.012118604933012565,0.007711336005007032,-1.093930146678524,-0.5439381297881684,0.006093743264358631
Spain,2004-Q2,0.0012153217389901968,-0.004171429101734008,-0.14528322963223422,0.08411824672492174,0.0030008735564409075,-0.013421991441820848,0.0017807304508213571,-1.05251963123575,-0.5416203396322562,0.009608883815090313
Spain,2004-Q3,0.0005818812509925967,-0.003414699131659209,-0.07273407204154281,0.09828255129696717,-0.0027329308808031923,0.013381462915968898,0.026547570645142207,-1.0386605980102221,-0.5675499753193279,0.011302843121318712
Spain,2004-Q4,-0.0007279000452000031,-0.0025605580784815096,0.1833681806225701,0.10168731685733223,0.0004812921713328078,0.0045635223291510575,0.016002351432817,-0.9830956436893201,-0.6828653662057674,0.01605093630830043
Spain,2005-Q1,-0.0008982417552785031,-0.0027797014936967084,-0.144115638548515,0.11743622501286155,-0.0032541652744743923,0.01235779361050807,0.027722234900407008,-0.9011133169741765,-0.6458690678394975,0.01896609133365007
Spain,2005-Q2,-0.0017846102076569032,-0.0033963199097686086,-0.15875667965563592,0.10994434634345929,0.0024422438125878076,-0.006562450154224377,0.0034418604835849374,-0.7469527729632968,-0.5364859313590745,0.024433455175349866
Spain,2005-Q3,-0.0028841228958370034,-0.003337188556683009,-0.021032219208477407,0.12284945513067935,-0.0022196108686813923,0.014405880653087708,0.02633720348088672,-0.6874820464313454,-0.5848156492337292,0.026859380111154046
Spain,2005-Q4,-0.0028069907065595033,-0.004479601523819809,-0.2768253697543829,0.12578430919835992,0.0008429101589734078,0.0022945383750320493,-0.007107416556735666,-0.6281440390537478,-0.4853383971870818,0.03296211463721643
Spain,2006-Q1,-0.003909216148962203,-0.004796670852613709,0.10110815352691449,0.1437749640258703,-0.0022623908065484925,0.01319657423990198,0.042741100163870976,-0.5055097536447954,-0.3984398892535629,0.039870887912400205
Spain,2006-Q2,-0.002776374110838003,-0.0053639023472941095,-0.04730319123112112,0.1355965986673744,0.002542711556556208,-0.004828840770838196,-0.00040934445856991367,-0.3790985973548746,-0.2866337053700768,0.04410583092153761
Spain,2006-Q3,-0.002139478952527203,-0.003911456151997808,0.18214581925206258,0.15514532376528223,-0.0021675916304422925,0.014998756523078614,0.01583932804909657,-0.2652824898235715,-0.3177982651544281,0.04913223538404246
Spain,2006-Q4,-0.000261731767448003,-0.0031737278736709085,0.05679668796415599,0.16486401798575145,0.0009888559935689078,0.004876698153622714,0.009418067253416842,-0.1504381558970449,-0.33779928138145265,0.05589085408908001
Spain,2007-Q1,0.000574652859903197,-0.0033124050721177094,-0.0005989608482569186,0.18577897771798968,-0.0004335655719913922,0.02046589849435013,0.015938073117733955,-0.008263242266146165,-0.34794973310482913,0.0603931820955777
Spain,2007-Q2,0.0012489237040936968,-0.00431242106042441,-0.1881530912002508,0.17611850308763133,0.004746945445387407,-0.014661635096450878,-0.01048116146235004,0.11008445870945183,-0.27433611139296277,0.06880094568918424
Spain,2007-Q3,0.001257605403892797,0.00046880264656319094,-0.06943952959215252,0.182630507038964,-0.0009141800495751923,0.002344626094790501,-0.0069641529651306745,0.21415000884275281,-0.29835418291004145,0.06904453726675594
Spain,2007-Q4,-0.0031132161291507034,0.002697389575674191,0.017256341215956983,0.1719862641089236,0.004010188305427607,-0.005617979332309089,-0.0031785439038468956,0.25529861813268084,-0.3725864931873759,0.07205698512202705
Spain,2008-Q1,-0.004765969234881304,0.002545973633164291,-0.07211845793056382,0.16791690154953898,-0.0009373187759454922,-0.0022272800121219925,-0.01828119557751365,0.3375046619614439,-0.3624084243636725,0.0687505564024285
Spain,2008-Q2,-0.004593598804134203,0.004819952327816691,-0.3982653241413866,0.13952292359822605,0.003506888190613808,-0.027761419911393217,-0.042121879975069026,0.4335948062773034,-0.27789296646527684,0.0696378154589225
Spain,2008-Q3,-0.005229672623110804,0.004880609906271391,-0.26339016803502424,0.1304126992521688,-0.0024088218804937923,-0.014955544822652014,-0.052356070356998435,0.5447196607116216,-0.21848184063182774,0.06800535189254511
Spain,2008-Q4,-0.00044255142325550336,0.006558782793175491,-0.17578713628082182,0.12138368714366043,-0.0023211512005003924,-0.014558086527099858,-0.050268534458619035,0.6097794818738933,-0.17304776242183617,0.06602975579243012
Spain,2009-Q1,0.004056186949221397,0.01125958541330449,-0.5054017176349911,0.11492833514095557,-0.006236437294732792,-0.020886565298595085,-0.06720599049981893,0.8359186895978437,-0.12607751897995323,0.06281986542512258
Spain,2009-Q2,0.006740139603099597,0.01268205215812419,0.17378454748099298,0.0878772540791164,-0.00014271874951349224,-0.028492539711154476,-0.12213830452661015,0.8627291960827468,-0.2509146701784445,0.061174454765673625
Spain,2009-Q3,0.007063552339018796,0.007312557147079091,0.29402497251042997,0.08755969016935494,-0.002906652774681492,-0.005541821876861332,0.012133275853629746,0.9037730549072664,-0.3443972848557453,0.06150365763182619
Spain,2009-Q4,0.0036411890298392972,0.003813130050253291,-0.2253306544475386,0.06875285390582753,-0.0007012585442314922,-0.017723131931726668,-0.03565434686878924,1.0120317870990139,-0.28439224352802195,0.06048692819483542
Spain,2010-Q1,0.001459104141980097,0.002734510166295891,-0.5813999328149744,0.08224820598069083,-0.004841242537615593,0.01240153766605748,0.004300155870784996,1.1027478594007998,-0.138415779538401,0.0619697262573429
Spain,2010-Q2,0.000829932991403097,0.0020666327115826913,-0.6571358525825144,0.057986765136664564,0.0007780215944237078,-0.024646793157277882,-0.029402700651971623,1.1042625772003047,0.025760101783534717,0.06235269773422861
Spain,2010-Q3,-0.0002122290504847032,0.001913937334741691,0.5394981381432065,0.05726757852498254,-0.0026009822984887922,-0.00014134720332367387,-0.025698103735559395,1.1842517392307648,-0.0350550034252497,0.060792027919281594
Spain,2010-Q4,-0.00024315089622920297,0.0021740565132554912,-0.7515663270758524,0.03851788554435753,0.0008557248214574078,-0.012859274759830255,-0.02606827056134656,1.086246641882267,0.057384795660240795,0.05887204341438365
Spain,2011-Q1,-0.0011007659220105032,0.0015580342308870914,0.6204326039969845,0.026483385498309975,-0.0026453987841665925,-0.014470376861805603,-0.04108410742113336,1.0954452952654203,-0.07885590686889465,0.054678540995839076
Spain,2011-Q2,-0.0011497663803268032,0.001066291406132791,-0.1131069110078344,0.0026636701462421364,0.0007954421239440078,-0.021985353036859747,-0.049164581227012866,1.2172639224609947,0.02509777921861822,0.05302461034634259
Spain,2011-Q3,-0.00020007452302610307,0.002675300880680291,-0.450130620412021,-0.002728665796858376,-0.004636076071312493,-0.008777516230522222,-0.020336548909286743,1.3376725428246012,0.08080023808030667,0.04975557950226825
Spain,2011-Q4,0.001074088757816697,0.005594507051638216,-0.453444858909531,-0.03343162637745056,-0.00041373809613859223,-0.02955493341046508,-0.04877436792177861,1.36717743941878,0.10136639598340963,0.045646460481690854
Spain,2012-Q1,0.002020363352989497,0.006456999997307991,-0.7224618661729598,-0.030566884376647563,-0.004517077356983292,0.0007573923546603557,-0.02471983065403408,1.3590984245655386,0.16480559049540222,0.04547998448739221
Spain,2012-Q2,0.004283202474989997,0.0055910377013580585,-0.6365929136973436,-0.06425621586502728,0.0003631775867416078,-0.03099364818435343,-0.04541026775059223,1.3893612196713199,0.19919853731740467,0.0426081692646158
Spain,2012-Q3,0.003004707509550797,0.006369068776360491,0.280520291750139,-0.07477537510755083,-0.0017152606931977923,-0.010742779715693897,-0.03813901553418511,1.3689265705103786,0.13659245694744726,0.04039227705919837
Spain,2012-Q4,6.161876616279666e-05,0.005518962111018364,0.1347521337067118,-0.1246661637758173,0.0011301448891479077,-0.022488393600138847,-0.04175289149997177,1.337760530681554,0.2388804942993336,0.02691429290435754
Spain,2013-Q1,6.544671416796981e-06,0.004622876435609491,-0.7502913251952557,-0.10467291412560309,-0.004317818512954892,0.004479088775551619,-0.012912213057264674,1.335168252792145,0.2844685664881922,0.025563166524987108
Spain,2013-Q2,0.000960176528631897,0.002803976096366991,0.03256370551536858,-0.11977611671439692,0.0007485246934796078,-0.01591079101792178,-0.03622303272624841,1.2751366332372607,0.24299926304531988,0.02228042428968502
Spain,2013-Q3,0.0023399175745434965,0.002900320524443991,1.1006449920710866,-0.1199620170835729,-0.0009434956378628922,-0.004417416100811335,0.007381851359578553,1.2594761591242745,0.1283784004607208,0.020174805414041458
Spain,2013-Q4,0.004220069779954897,0.002838196840709591,0.2916671742733611,-0.1278034617759738,0.0015995765684490076,-0.012173757220022976,-0.01998073757341282,1.1965296626481474,0.015407434705591916,0.01830624737154435
Spain,2014-Q1,0.002893869516642997,0.0016278713826563913,0.2529352452813707,-0.10954728566383909,-0.0024193119823861923,0.01667750631919721,0.05242016937964741,1.2591449569793958,-0.01613225128861573,0.01608235623993226
Spain,2014-Q2,0.000829975501624597,0.002355632135045591,-0.029087382842945805,-0.12062928932577344,0.0019261368782243077,-0.010596638783273517,-0.01638862852141579,1.2380262683455063,-0.07341984407358237,0.013399413234030932
Spain,2014-Q3,0.0009853006759396967,0.002916242694072691,-0.2555214374174804,-0.10684036199117064,-0.0018966762640091922,0.008792629185929188,0.0011201251785092035,1.2357545625874407,0.005103778330386666,0.012132527240816066
Spain,2014-Q4,0.00028799090730099704,0.003120546173494791,-0.4699672256845293,-0.10544841080800782,-0.0016302183243596924,0.0028174853642676558,0.0007319538818549541,1.2546623822365475,0.022551430538463535,0.008227966688711452
Spain,2015-Q1,7.583306161639686e-05,0.003636511474833891,-0.20598487399330112,-0.06494124563548187,-0.005389636640324692,0.03335296845493954,0.03551953673821159,1.3053377920609113,0.0762755540223039,0.00944904081780723
Spain,2015-Q2,-0.0008165804264751032,0.0020147941831858912,-0.4117907469176922,-0.07899974707369717,0.0017664168268042076,-0.013463838079295156,0.011891915642559061,1.2215218318991603,0.1566688587673133,0.00674094055000371
Spain,2015-Q3,0.00021942794379019694,0.0015863135870836913,-0.05305549231819741,-0.060592185649366304,-0.004068570163080492,0.01449520341628788,0.00912958774282088,1.21844064082374,0.17578553360870353,0.004712499242274015
Spain,2015-Q4,-0.0007036231898639033,0.0027393407366333913,-0.6179658816206643,-0.05978917916791904,0.0009368637760571078,-0.0014483848339180393,0.0032985623142010832,1.17652323931381,0.21984588227532087,0.0024590328213963675
Spain,2016-Q1,-5.534111958750308e-05,0.0023019906537500912,-0.1440850116430658,-0.02948577476028369,-0.004441812752392893,0.025715983195444467,0.015071635193993762,1.214877066565041,0.3024942832117583,0.0013198498634991451
Spain,2016-Q2,0.0002642686885614967,0.003857227444038991,-0.827190983188651,-0.0415199127580137,0.0032039689313299075,-0.013597675128183963,-0.024146725987606397,1.2300697376740874,0.37210873890920426,0.00046179465876414194
Spain,2016-Q3,-0.0026536467773393335,0.0036089681532092913,0.5044618531017528,-0.029474335915081973,-0.0009864265213908924,0.010447415352433796,0.002051808239115962,1.181216364722308,0.27680362147096527,-0.00031522894555124914
Spain,2016-Q4,-0.004766655524710903,0.003342694627753091,-0.1965764952083076,-0.04228435943843123,0.002032355583487008,-0.013462072011013317,0.010293628119411116,1.0832043518646066,0.2343827813212795,-0.0009481886983390697
Spain,2017-Q1,-0.008414344223196604,0.0028609525695460912,0.5575060404026833,-0.02723461618355505,-0.0027749155956491925,0.011762705785682757,0.020903159141757745,1.0971651443034762,0.21399331839607932,-0.0013813922573632509
Spain,2017-Q2,-0.006747464383799403,0.002031589483476391,0.1397461406367504,-0.025889229994028096,0.0004009660394935078,0.0025372165374614487,0.0038102756493230937,1.0905670585152545,0.1532286948833954,-0.0030897387124648457
Spain,2017-Q3,-0.005866502888997503,0.0017364509874899913,-0.2946293535051766,-0.017304787980836345,-0.0021909530899472925,0.005745742863302015,0.034423728721568375,1.0714262450463399,0.19880894412850675,-0.00561415374241972
Spain,2017-Q4,-0.005343414607226403,0.001783112303225491,-0.6482540306172027,-0.021175296398173504,0.0021144652264484076,-0.002466084744665222,-0.00744482981851605,1.0310550455339857,0.2146648690705048,-0.006823649085602512
Spain,2018-Q1,-0.004337038268338603,0.0013311451509056913,0.036185950262908384,-0.010797949944621577,-0.0025165483759085924,0.0045541126728915506,0.001532382410971058,1.062848215158302,0.23296180297525526,-0.008315775928689206
Spain,2018-Q2,-0.006576416115005203,0.0015561832130311908,-0.3537814200221682,-0.01925969877943512,0.0020467816380027076,-0.009700411309774806,0.03148717964976874,0.9673390752247402,0.16114357045324745,-0.00826084205113825
Spain,2018-Q3,-0.007398771752824303,0.002470431536102891,-0.3948874384535011,-0.011451428917598871,-0.0020329882337747924,0.0025514765349393988,0.003877369710971825,0.9030195070246636,0.1777052612456636,-0.008967869863445777
Spain,2018-Q4,-0.005539958023931204,0.002520575136288291,-0.05701841765729271,-0.012410456826491112,0.0003843895816487078,-0.0020969146249237534,0.0031251545540392466,0.8059745520898907,0.23450106636628498,-0.00970482199046288
Spain,2019-Q1,-0.004701836380515703,0.004369328468412391,-0.18284519097728202,0.012569405819914392,-0.003943828421478793,0.01899420185886794,0.047635267477205895,0.7711820207548752,0.2618325718475601,-0.009550705963460054
Spain,2019-Q2,-0.005294527140199004,0.004250521956538691,-0.2564414012504556,-0.0027015403641974522,0.0019530200073761077,-0.018375894537504846,-0.026800171054281927,0.77936055802668,0.3064243110998012,-0.010683414307122968
Spain,2019-Q3,-0.005258272092990903,0.004091701697503491,-0.3452868391700567,0.007212408012760241,-0.0023452845233249923,0.00434047754816139,0.011079724039209173,0.783677493392303,0.32066579746996976,-0.011072477898721567
Spain,2019-Q4,-0.005115348667755003,0.004381223414736891,-0.2459665647230398,0.0072934563120903295,0.0012478332102329077,0.00037908566079761577,-0.01908502924002101,0.6914484894626938,0.3334434023541145,-0.011815441151481199
Spain,2020-Q1,-0.005555606416920104,0.003745040833877591,-0.8634376891855349,-0.03314185224228594,-0.0037861720063173923,-0.05988435829686142,-0.01441033451329191,0.7879741139621963,0.3596458729664444,-0.018209497400270835
Spain,2020-Q2,-0.003038433783497203,0.004985809783301691,-1.1999647413714556,-0.22809492338530335,0.00048146158172650776,-0.26469679246475636,-0.22481420271896227,1.5066024795911526,0.3059826091119631,-0.031749738297900384
Spain,2020-Q3,-0.003499857000265703,0.002149177646230591,-0.6983188619141232,-0.07313563079134777,-0.0010782301406664922,0.19144760712408396,0.18516403295406966,1.0583891769625229,0.3720518843949938,-0.01304708671412666
Spain,2020-Q4,-0.0035327209426067032,0.0004482035780432915,1.191774762562392,-0.06545655289372143,0.002937365878418908,0.00471894698797418,-0.008080064924957862,1.0716608491805188,0.3108807445258492,-0.007926842941878398
Spain,2021-Q1,-0.006451085600586403,-0.0015760215073829086,-0.33332241358741743,-0.04622472791721921,0.0010434399000561077,0.015045520459524484,-0.005177388736010622,1.0135833257449458,0.3987367425120246,-0.004327335223071965
Spain,2021-Q2,-0.010634847785843404,-0.0029616499779578096,-0.386923024938988,-0.06059230648395908,0.004143226598430608,-0.017973583030006592,-0.02664167128029896,0.9463420543329089,0.4451169203949834,-0.007791740411611209
Spain,2021-Q3,-0.013054017918928303,-0.001974957335209509,-0.3893015635409925,-0.034991950742985,-0.0006216434723213922,0.02958396493844565,0.04014642396263887,0.9180939189267532,0.46461538248002454,-0.007435172532906681
Spain,2021-Q4,-0.018295946267959204,-0.0017519228344815086,-1.8120854522918242,-0.025983296704366277,0.0036001487164327075,0.017828501326089184,-0.004199561132216454,0.7153308473784672,0.5311898705565902,-0.005261110281955916
Spain,2022-Q1,-0.0216889012712475,-0.0007304192356015092,-0.4286723537197933,-0.030089001994221487,-0.00015871725475619225,-0.00193267558315088,0.017255009656746614,0.528928869041164,0.5194560647452809,-0.008350370543977192
Spain,2022-Q2,-0.021622486656769302,0.0004407414051761909,3.881562689825589,-0.048242836450882454,0.0013160139891752077,-0.014673437836333205,-0.020401944449759322,0.3472798217230073,0.4430652239441759,-0.010226303297990708
Spain,2022-Q3,-0.0228577850180557,0.0033845391292649913,-1.4198380529232029,-0.044266325754056535,-0.0035566575279648923,-0.0001043013903037869,0.027784086308295732,0.20342027365825865,0.4743684202893517,-0.011160639409827727
Spain,2022-Q4,-0.012267377516845203,0.004696993879917991,1.8346709338009983,-0.007379350814302965,-0.0029238719829876923,0.03807280154939133,-0.011174275487118388,0.09479945420416769,0.37142922148410534,-0.011388906736680054
Spain,2023-Q1,-0.007914047592367204,0.004367037894597791,1.0173997053417196,0.012113347154507403,0.0006899191376088078,0.021931351821334575,0.035180715600252904,0.053610240962574274,0.3476310346249687,-0.011883823613682315
Spain,2023-Q2,-0.002670590753366303,0.003637434544697291,0.3457584531214978,-0.002730804951638355,0.0038718479175546077,-0.019784521668765178,-0.01402060037274425,0.004635629447407474,0.37997036632110914,-0.015281910646000638
Spain,2023-Q3,-0.001459639791542203,0.003887374110629191,-0.1756485141469103,-0.004116271511509728,0.0034142894765220077,-0.0028913912538529284,0.009943130114451994,-0.07084182855190768,0.39587544798447327,-0.017364830829353667
Spain,2023-Q4,-0.0025233036660750807,0.003971138123373191,0.34537022849553106,0.019374008630234085,0.0018789860156589076,0.02401473642705324,0.0038621681634737025,-0.12279260041129869,0.3901350821661787,-0.01612194259759582
Spain,2024-Q1,-0.002749055046864303,0.004218836137726491,0.16908051172208788,0.031892309027527155,0.0019832237719390076,0.009852741826486353,0.013539889918566663,-0.17315532916703202,0.44175688421290904,-0.014761955434024365
Spain,2024-Q2,-0.003492956086666003,0.002699386191515591,0.12390885164154597,0.021068542162297588,0.0044297852749336075,-0.011842339853830621,-0.027564107384599277,-0.21982975448493747,0.4896712671913477,-0.015583082219506536
Spain,2024-Q3,-0.0007469313317425032,0.002842153503264891,2.1861452442719016,0.03668768472869122,0.0009444156684228078,0.009341630630090778,0.011077984916224883,-0.2207820808958474,0.41077059302793417,-0.015313807781974997
Spain,2024-Q4,-0.0014725150563880032,0.002822388867918891,-0.5987588805977941,0.046233836177358656,0.0018983255448197078,0.011704229378847773,0.022791044893743253,-0.2781357554937893,0.5318879043656718,-0.017066140678293554
Spain,2025-Q1,-0.0019253654931046032,0.003301852076606091,7.411137075783717,0.04653682135291515,0.002152984239269408,-0.0007782171943967152,0.002507387531314711,-0.33824308542236814,0.3971442386894714,-0.01759156177049223
Spain,2025-Q2,-0.00020423790993670315,0.002970415834134091,0.6341031913019997,0.04330009977452143,0.0027396341628690077,-0.004852555538472272,-0.0067201307367778275,-0.37923778345549186,0.3024740608397328,-0.017982384622003272
Spain,2025-Q3,-0.001670815518318003,0.0032903193640931912,0.5547852272601299,0.05030856185111365,0.0007395730261826078,0.005203376779037514,0.021392173390768567,-0.39236590083605405,0.25857705753591176,-0.019864137453177028
Sweden,1994-Q4,,,,-0.053091701043896045,0.0031853350393050584,,,0.24593681072245932,-1.0947092661724696,-0.09523103529253663
Sweden,1995-Q1,0.01680056346905908,-0.0034810837579318417,-0.5826121743392481,-0.043130623806110435,0.0027916623008738583,0.02370762125089201,-0.030805422916637827,0.1741138704896268,-1.1100864299476068,-0.09680872511671873
Sweden,1995-Q2,0.01635535482090708,-0.002801628722762843,-1.071183945446703,-0.05247849942543359,0.0037260447579100585,0.0014683062589404801,-0.010213689116922142,0.11958561855590943,-1.1151208594760018,-0.10175490174982643
Sweden,1995-Q3,0.01572941716958348,-0.0032235270796150406,-1.1888286646386266,-0.05775596068429378,0.0012006354898330585,0.0015575903054574599,0.055248315033413174,0.0008911305639838218,-1.1291128994294262,-0.10881169220999604
Sweden,1995-Q4,0.013286692739454582,-0.004686747520886242,-0.22696069228484433,-0.06529493751313409,0.0010917188683837583,0.0025724831893732232,0.024546780742095674,-0.0995758256235757,-1.1486519670577642,-0.11366244348262872
Sweden,1996-Q1,0.01426365757305688,-0.005067354255797241,-0.9664814166609685,-0.05797994589149691,-0.0001943174693331417,0.009622067554843319,-0.03364688650835227,-0.13059647762726145,-1.172292079932609,-0.11454847690612374
Sweden,1996-Q2,0.01537586690267668,-0.005803171148892842,-0.7781319096639842,-0.09799567398776454,0.0012328025339676584,-0.039683164096315754,-0.03094897758954588,-0.13378417381561625,-1.205061684467724,-0.12690711241146663
Sweden,1996-Q3,0.01632209888318338,-0.005981778351673742,-1.0978575226087532,-0.07779412593686885,-0.0007301339260306417,0.025928547244900037,0.055371007922440395,-0.21922708851523476,-1.2549455234339455,-0.12504134759919214
Sweden,1996-Q4,0.014918752989886581,-0.004951652160412243,-1.4964339112940563,-0.08735292238378434,0.0010683389548903585,-0.012671656634517057,0.005378353374416134,-0.20344911639425622,-1.3049086587643928,-0.12422365330869001
Sweden,1997-Q1,0.01396279779545898,-0.005272859730856741,-2.1857484394090405,-0.04483044226516608,0.0010108051465569584,0.014727176091909235,-0.06132640432936768,-0.12308061434720052,-1.3591346382548462,-0.09683751745808733
Sweden,1997-Q2,0.013580558878375783,-0.00546085356838194,2.448424932655038,-0.04403409289628335,0.002610144263984558,0.009846916210264147,0.04019624479058045,-0.2040424712835227,-1.3954308074142479,-0.09564384462242892
Sweden,1997-Q3,0.010154367670608682,-0.00627108100926824,65.48293859557788,-0.044135948808567416,0.0006389639914160583,0.0009993831204169442,-0.03387653763812019,-0.2962556068341209,-1.3748011717768116,-0.09642514199044577
Sweden,1997-Q4,0.008204004058414281,-0.006617092496691342,3.0515833717800938,-0.04370089085194262,0.0007087714170699583,0.018296446337604102,0.050384498163363954,-0.2586447245389141,-1.26581420057928,-0.10023002827265398
Sweden,1998-Q1,0.008919294034534783,-0.005095914451614943,-1.3381966637573457,-0.022986095373537796,-0.0021618859346797417,-0.002252553262044962,0.0021013709772822135,-0.18171764715130756,-1.066319518299576,-0.09498064830600722
Sweden,1998-Q2,0.008820936344088181,-0.0067000674913177405,-0.9424604677564599,-0.024718120040962854,0.0011799133379535585,0.005230718066627141,0.01763762808102228,-0.08973831942963328,-0.8859232552558515,-0.09520851733176361
Sweden,1998-Q3,0.009922966821048781,-0.006669377527487641,-0.37255859845580447,-0.006032344133108158,-0.0009460273138705418,0.004436822250786257,0.0073736943022718274,-0.08225570664268633,-0.8711439681515722,-0.08856900363466541
Sweden,1998-Q4,0.010456536257108481,-0.004594708737434141,-0.16812550440280694,0.0010868263608141415,0.0006263362805710583,0.01711985169205257,0.047368586865113325,-0.1270506412965744,-1.1283310089766374,-0.0877342195691958
Sweden,1999-Q1,0.007303736593045382,-0.004760865576887041,-0.8856193124024642,0.010015099276486028,-0.00017366748109014167,-0.005568232831486305,-0.009450523032427471,-0.23142525728423657,-1.422691161659265,-0.0818245219127749
Sweden,1999-Q2,0.007490157881360482,-0.006154901897413741,8.176721662677945,-0.004647014737392596,0.0018980631844525584,-0.0051012543635633205,-0.017659791547533533,-0.23754442820516308,-0.7836214119015248,-0.08583861392698755
Sweden,1999-Q3,0.008933470886988282,-0.008223487720478043,-0.49032003688728,0.004460172848479327,0.0007075729681546583,0.016647478235757098,0.04489995774456353,-0.38027134789339634,-0.7712216966864751,-0.08517836025958475
Sweden,1999-Q4,0.008468491802083682,-0.008708109005636244,-1.2555149834357806,0.020008677489412707,0.0029381781639902585,0.011541339777829698,-0.0075339901039372156,-0.3787846110794353,-1.2953373790734748,-0.07440472323246344
Sweden,2000-Q1,0.009377500056976082,-0.010570409285281742,-6.434758681439404,0.01184196833679918,0.0020867620573757585,-0.0019456968183644034,0.012687375424093117,-0.39440615690661107,-1.8529751934891885,-0.08120733421689025
Sweden,2000-Q2,0.00842159364734378,-0.011330184394032543,-0.8415905400512745,0.029352054100293623,0.003961647877689958,0.03164591929518104,0.015322994288201242,-0.6051585875908292,-1.5591499063529075,-0.0749872455832235
Sweden,2000-Q3,0.008094624030201081,-0.010391002620208041,-2.353704745720843,0.05303409866024589,0.0021966136767988583,0.006947531926547093,0.019790854530773526,-0.4262214530724595,-1.435686389166501,-0.06371271596023231
Sweden,2000-Q4,0.006885776263748982,-0.00976014686189424,-7.212174509961336,0.05279013944522348,0.0029737654387013584,-0.0071910978436861865,0.0024122619828207074,-0.365309825476408,-1.357034748083195,-0.056014739665683766
Sweden,2001-Q1,0.004438486945565882,-0.008326225589609142,12.061537007690129,0.04407414311562208,0.0008362193379684583,-0.0020960169677395083,-0.002069796464944462,0.01117999490831334,-1.2692785004344707,-0.0613934921309654
Sweden,2001-Q2,0.0022223248421408817,-0.0066399058494989414,-0.5897129451520341,0.025268362948579703,0.003539588871440458,-0.020533633516420544,-0.031025396723969013,0.06487089025909754,-0.8969577544556815,-0.05758626296885033
Sweden,2001-Q3,0.0020024343473180814,-0.005995075500340341,-0.36002867113360904,0.016243011090930515,-0.0010603021680239417,-0.0018214077039453184,0.012711168321173217,0.14741841454665705,-0.6695218916347552,-0.05892672153749223
Sweden,2001-Q4,0.0023707621192202814,-0.0034408006652185408,-1.3110895136018819,0.03813905430370923,-0.00024291059586234166,0.004325700254376422,0.028880405705208854,0.14129995080306923,-0.42402962436071456,-0.04373396238157773
Sweden,2002-Q1,0.0028205444186588813,-0.00294209605613744,-0.4209397610718072,0.02628738774812822,-0.0008556504682514418,-0.00616981589564822,-0.06954353222750079,0.11936005623662105,-0.2076061129240514,-0.049525616593651234
Sweden,2002-Q2,0.005283995903567181,-0.002587508221172742,-0.36406006838505633,0.010058398187535289,0.0009041010802289583,-0.0031691269978559615,0.03898091709026893,0.011561500882765419,-0.3450393633950306,-0.051246669212464235
Sweden,2002-Q3,0.0044753100219639816,-0.0012793455941390412,-0.5787328782776626,0.0011990634259247956,-0.0029690521587310416,-0.007902159618654345,-0.025973460172725428,-0.006982189498919045,-0.4763818575154899,-0.05661050307793919
Sweden,2002-Q4,0.003435633406364982,0.0028154491905527587,-0.8440438927245948,-0.004651624949134847,-0.0014831697358969416,-0.008707343380212926,-0.021671761947795222,-0.06964858276895147,-0.5045734171330217,-0.05383537754314682
Sweden,2003-Q1,0.0003576825637125816,0.003336225448317659,-0.7478311067815318,-0.01575028213243368,-0.0016454843983419417,0.00827526999059416,0.025959323964112567,-0.10267483465536009,-0.5150635019123733,-0.05702921917371945
Sweden,2003-Q2,0.002641869221917982,0.0037424787563425585,-0.5595279795534894,-0.027645527837854678,-0.0021186188807664416,-0.01587733581791759,-0.04706680088660612,-0.02589466030628973,-0.48383154287972374,-0.059792743646661595
Sweden,2003-Q3,0.004059871332709882,0.00011547990471755948,-0.6264278988680239,-0.022454402592739675,-0.0022652548303912414,0.008486781719575311,-0.011789630114796312,-0.12348442245740521,-0.5445111779476195,-0.06322411161483027
Sweden,2003-Q4,0.005594472427144082,-0.0025342004785988415,-0.5776672077900292,-0.036688933402031165,0.00013905243244365833,-0.0015554420127376926,-0.016148699391507794,-0.20800843287495163,-0.49312769992977956,-0.06976720326085056
Sweden,2004-Q1,0.007554864414020082,-0.003955154424964243,-0.5729014996569487,-0.03407451644631165,-0.00010852664036524169,0.014644976825834568,0.016191292438035486,-0.13578589173827305,-0.46918955515399574,-0.07269792817081955
Sweden,2004-Q2,0.007108960926478282,-0.004171429101734042,-0.7465275266879403,-0.037239146723452965,0.0008223855915597582,0.0028797357809860176,0.023100183765636682,-0.17320787782139369,-0.5601354488694461,-0.07309969772307312
Sweden,2004-Q3,0.006474333666959481,-0.0034146991316592427,-0.8459080796584986,-0.03555621430739064,-0.0007683108386657417,0.009583563402237451,0.01858060315965545,-0.2983705310408391,-0.6696983952096613,-0.07685825533315488
Sweden,2004-Q4,0.0056106305915237815,-0.0025605580784815417,-0.5812314536836602,-0.04479711029398492,0.0007100012242996583,-0.008357930695562097,-0.002618607201945766,-0.21091292957743835,-0.6553533633478443,-0.07675260125291583
Sweden,2005-Q1,0.005102985422330682,-0.002779701493696742,-0.554094991018502,-0.04380648076047755,-0.0007059460530693417,-0.001251133726731332,-0.017089644964803842,-0.02400895156147098,-0.5581914757637423,-0.07861235993517796
Sweden,2005-Q2,0.0036528242475720816,-0.0033963199097686407,-0.5320324685823059,-0.03571101632179463,0.0007991211950338583,0.00028594090637448517,0.006339827608266757,0.07185428101043678,-0.41335527336820976,-0.06890033532253181
Sweden,2005-Q3,0.002434901031039682,-0.0033371885566830413,-0.5327571884852198,-0.025192980307275792,-0.0003171818890856417,0.019263948467604954,0.021159726340808614,0.038997867173497625,-0.3910066602952531,-0.06664553832602782
Sweden,2005-Q4,0.0025579293132447813,-0.004479601523819841,-0.5549714964778439,-0.025772764960979244,0.0008244050060482583,-0.006293122376098445,-0.02286720751268604,0.03343565661922421,-0.2672486867132471,-0.0630379177323927
Sweden,2006-Q1,0.0026083164763204816,-0.004796670852613743,-0.7093219734894662,-0.00980839124462729,-0.0006634538964617417,0.017473660625957812,0.02964575752370443,0.09663716599127126,-0.3268401931577425,-0.0615441200554947
Sweden,2006-Q2,0.002019072914632182,-0.005363902347294142,-0.5138632239999756,-0.00799607358495813,0.0019067454796997585,0.005070964690529614,0.054644493058727615,0.03412664321531711,-0.35486779638706545,-0.05521282171461117
Sweden,2006-Q3,0.0024975096973586814,-0.003911456151997842,-0.7512177332057268,-0.004759561073130025,-0.00041869962180654166,0.0037584240159112244,-0.004145090289396835,-0.37777599455155375,-0.3988062128951879,-0.0560769890350899
Sweden,2006-Q4,0.0025573749107439814,-0.0031737278736709423,-0.837491912192927,0.0018249961932322867,0.0010210224219805585,0.009612305514096,0.005489440961332049,-0.5658607341218769,-0.5561954690143169,-0.051283906427219195
Sweden,2007-Q1,0.0016926444619422814,-0.0033124050721177432,-0.6183970620631313,0.027107930048644535,0.00023573290685635832,0.010964800589153192,0.02856549381815817,-0.3688670780067722,-0.634845230220423,-0.038077453741221345
Sweden,2007-Q2,0.003108264157732082,-0.0043124210604244435,-0.6723246618137728,0.039133079595965126,-0.0014485477128259416,0.0007958886163375286,0.019623652498154197,-0.49354178776651225,-0.5443328595316907,-0.023972813326758602
Sweden,2007-Q3,0.0034131391316709813,0.0004688026465632586,-0.554662626058114,0.041728095320539116,-0.003184940817487742,-0.006658632010898976,-0.0213481754494557,-0.6982475510580048,-0.5080959888868372,-0.0189986707364711
Sweden,2007-Q4,0.00023384981307188147,0.0026973895756741573,-0.06183544727409185,0.059824955789269496,-0.0005705264932045417,0.005646022005465959,0.003657609141454044,-0.640490320246492,-0.19912538125247736,0.0013436811111842695
Sweden,2008-Q1,-0.0006477947478104183,0.0025459736331643577,-0.8981517117731777,0.07299320290343814,-0.004183227722421942,-0.0033837734850252514,0.017565645960093544,-0.6606088818093911,-0.3364117508827622,0.0117846048838679
Sweden,2008-Q2,-0.0017885366347676183,0.004819952327816658,-0.29682508453532447,0.054085753228561795,-0.0004548375714384417,-0.03719099485059593,-0.03814479589186363,-0.5084404616359404,-0.13930615199750718,0.02041309834266941
Sweden,2008-Q3,-0.003853384401870218,0.004880609906271358,-0.7115904793697598,0.054153779420055614,-0.0032381224951144416,-0.01584794706432333,-0.010274492853033978,-0.19183755278547032,-0.05469001604541379,0.029239724374581777
Sweden,2008-Q4,-0.002112070316428018,0.006558782793175658,-0.46710930659835087,0.061875447520416405,-0.005510395306548142,-0.030168577770203407,-0.014943888668794402,0.0795140960107954,0.041946844957245766,0.04318778832864001
Sweden,2009-Q1,0.0007464478196097819,0.011259585413304657,-0.9267584978875761,0.06625113932961091,-0.008699821007713241,-0.012194229304928392,-0.07249213111844646,0.3572442652628638,0.07650677875427325,0.040341434178766344
Sweden,2009-Q2,0.005560841040916482,0.012682052158124358,-0.620889056894345,0.0552919688405602,-0.0010452815411054416,-0.007608788295618815,-0.026793713937346343,0.36984233765009256,0.18381875550151938,0.04236394271213967
Sweden,2009-Q3,0.007591190068120982,0.007312557147079159,-0.6858971791998281,0.058033209585254486,-0.0007961310569313417,-0.0010736132264619084,-0.026792234171980102,0.32580701865613193,0.0936576563294218,0.047211333747394224
Sweden,2009-Q4,0.005700565541572082,0.003813130050253258,-0.6142336342857692,0.05249126822775174,0.0005129508570514583,0.001274179293145686,0.0012377776280042222,0.23989599527200944,0.10254698838510312,0.05039578991368926
Sweden,2010-Q1,0.0023072735320965815,0.002734510166295858,-0.7943608202062342,0.05440379737302925,-0.0017713240999794417,0.01481337347355052,-0.0267827465588654,0.19134264545157942,-0.08216520743707689,0.04742411241034383
Sweden,2010-Q2,0.0005108064548463818,0.0020666327115827585,-0.8447354748986209,0.05960213991267749,-0.0008241234086007417,0.019813783205110205,0.047218145114673,0.21560921076324924,-0.3341731444290088,0.04831546249425883
Sweden,2010-Q3,-0.0004190982968513184,0.0019139373347417579,-0.9211913640065801,0.06732245068657816,-0.0014929087754402416,0.021363522673636417,0.05130050477263189,0.09389061053334169,-0.5645161876820549,0.04536952291759144
Sweden,2010-Q4,-0.0011351535469778184,0.002174056513255458,-0.4789870827882168,0.041878265013230775,0.0013304213743478583,-0.004930681631521302,-0.005102585591409225,-0.08374295862659031,-0.11967708197729432,0.03463631806142475
Sweden,2011-Q1,-0.0015583779253139183,0.0015580342308870575,-0.6416275088559551,0.041850037317844535,-0.0005196660617181418,-0.0019883504606252626,-0.0540151604755598,-0.2274574955247599,-0.14390743434169018,0.036230401098559795
Sweden,2011-Q2,-0.004031612799865118,0.0010662914061327598,-0.5286464582107521,0.02473423744181158,-0.0011180572520118417,-0.01531005291654217,0.04989514529102642,-0.13799441960306358,-0.12920457460515267,0.034661171901555654
Sweden,2011-Q3,-0.006218730090586218,0.002675300880680258,-0.503029622433372,0.03446369982969022,-0.004301183077285442,0.004521072686686914,-0.0037162071604016963,-0.1437368723349437,-0.14735975671406942,0.0389253108205474
Sweden,2011-Q4,-0.006231702411277318,0.005594507051638258,-0.7251973361729409,-0.006729036193534488,-0.002675842634440142,-0.04242524547058443,-0.058497576963450516,0.07323822069342967,-0.15376112020568566,0.027952603303661283
Sweden,2012-Q1,-0.003647939237611618,0.006456999997308059,-0.715398980561449,0.019792096923492042,-0.0038287877733123414,0.0014732085698496962,0.01648594134151423,0.016096555117621758,-0.15235118778461865,0.04375129334921446
Sweden,2012-Q2,-0.00281364624668166,0.0055910377013580585,-0.6453079210820221,0.003491398041776339,-0.0018522740808445417,-0.0012398992774511368,-0.02809613824484295,0.09369484419350416,-0.0637997491029938,0.03915989466446962
Sweden,2012-Q3,-0.0017955253802662183,0.006369068776360558,-0.6582266071873634,0.017410734448355725,-0.0035199491157505416,-0.00015222160764280773,-0.02081416780565363,-0.012179004796304849,-0.2773745205219422,0.045969325359327795
Sweden,2012-Q4,-0.00035251048349711853,0.005518962111018358,-0.45100520750116324,-0.022927628712425485,-0.0019376832948713417,-0.012688435258452622,0.03599058771638205,0.05436738840486788,-0.41602295118649735,0.023738369494519573
Sweden,2013-Q1,0.0003065883023821818,0.004622876435609458,-0.8390884137588561,-0.006466010682189327,-0.0021780745407150416,-0.0022347513255031896,-0.06754467313798088,0.40324469260519935,-0.06074898972598186,0.03112414928594137
Sweden,2013-Q2,0.0006250148214896815,0.0028039760963669575,-0.49701327161407155,-0.0096625534838376,-0.0015039208690870417,-0.007109604080091067,0.028131548695489027,0.42771620719441295,0.19471381475402239,0.033303720988289265
Sweden,2013-Q3,0.0014620632557779817,0.0029003205244439584,-0.5986324451056151,-0.016430478089390133,-0.0018620546997674416,0.0058587117082136405,0.024944359018117833,0.207884731581788,0.0038110096552748107,0.027979374640536236
Sweden,2013-Q4,0.0011379630608760816,0.0028381968407095587,-0.5130118523341938,-0.010279796180956535,-0.0011823683406106415,0.012895324444636393,-0.00461282212756956,0.42370374760104035,-0.06796583123379185,0.02905018250005348
Sweden,2014-Q1,0.0019093720684163814,0.0016278713826563575,-0.7399078869151632,0.020732633965673375,-0.0025209129568403415,0.00504805430103297,0.03805581496749418,0.39902717487024786,-0.0943653666130766,0.0397617453480027
Sweden,2014-Q2,0.00029458648051738185,0.002355632135045558,-0.42849784104020483,0.008948594847778657,0.0004873565873960584,-0.002026522599060307,-0.011595690911493295,0.33412392032358174,0.17419342069840482,0.03547210854369964
Sweden,2014-Q3,-0.0005104036897735182,0.002916242694072658,-0.5939202749356828,0.0077344912345276295,-0.0011662358630302417,0.00758357962713199,-0.001884168586190926,0.5273307899297506,0.36099429279932993,0.029110939264628266
Sweden,2014-Q4,-0.0014196784036055183,0.0031205461734947586,-0.6213216513584102,0.013294175515383588,-0.0004862699251305417,0.0026529281009746416,0.0022437881862538925,0.5241946682756238,0.40141331704081384,0.03140684529310006
Sweden,2015-Q1,-0.0031243501972047184,0.003636511474833959,-0.555591990626551,0.05493576442246728,-0.0014365284586289415,0.022196909524182764,0.04794221552685215,0.4845582760261733,0.43595484671448914,0.045403377309630455
Sweden,2015-Q2,-0.0023259338588446183,0.0020147941831858574,-0.5057702198541373,0.06035135352513077,0.0001019954277537583,0.023480673692423373,0.010717133255743716,0.3863096327438309,0.51828559768175,0.04447393304734837
Sweden,2015-Q3,-0.002563364353899618,0.0015863135870836584,-0.778856895998008,0.05625012359315107,-0.0014028164198586416,-0.009017948364164561,-0.018589021979597366,0.3694072279944618,0.43086994261892175,0.03942916133964347
Sweden,2015-Q4,-0.0024221375623305185,0.0027393407366333583,-0.5322385772934619,0.07965598165507637,-0.0008290979911973418,0.005521068229972251,0.030807576130344426,0.2213737954932622,0.07602353621162483,0.05002346997187862
Sweden,2016-Q1,-0.0038767959395660185,0.002301990653750058,-0.6649207285044023,0.04273919180679597,-0.0015212044869063416,-0.014166202822656324,-0.013518981068417235,0.20452721146299835,0.08219088241248929,0.029622249296086145
Sweden,2016-Q2,-0.004677965620296118,0.003857227444038958,-0.49667644033970815,0.03254444652768895,-0.00044714947540874165,-0.007068079538751412,0.02032103020310657,0.29807115113383587,0.30124416330291637,0.02946669712765443
Sweden,2016-Q3,-0.006588019526881218,0.0036089681532092584,-0.5762571230081261,0.042301192598290904,-0.0014435916152801417,0.008996534123489688,0.0009115297661120517,0.3088694200204394,0.32063872874818244,0.03448315745789393
Sweden,2016-Q4,-0.006860235017196318,0.003342694627753058,-0.5373853583785029,0.04238759699574657,-0.0007778928224729417,0.0019946978187888294,0.00046328653727364423,0.2690718843135991,0.23551871369851307,0.03799803039148997
Sweden,2017-Q1,-0.0063353092165619185,0.002860952569546058,-0.554442465890108,0.06510116748944916,-0.0016894463610618417,0.008773603182107983,0.01841755746912973,0.25150644441614833,0.08374234689042459,0.04967316482965489
Sweden,2017-Q2,-0.007358813969002618,0.0020315894834763582,-0.6618103204441551,0.04692333198873566,0.0002849699654527583,-0.009126569483623535,0.0051125758043342965,0.21753020210394425,0.025084913627017036,0.04574654521164939
Sweden,2017-Q3,-0.00798374581019392,0.0017364509874899584,-0.5118011380467471,0.028339584702793297,-0.0007156855819816418,-0.009473689206949552,0.017781057113024655,0.1912306745129042,-0.021700397621841283,0.04005134832380447
Sweden,2017-Q4,-0.006579617427891218,0.0017831123032254585,-0.25104562185030505,0.037698236719888034,-0.0009355291372362417,0.0034968855674626627,-0.050303481976783505,0.16141731075380727,0.2617718596406411,0.046108930308639995
Sweden,2018-Q1,-0.006494366200696619,0.001331145150905759,-0.5796624483929584,0.050701579405235675,-0.0015277992097064417,0.011958690456580292,0.06017676175819083,0.28239385196133915,0.42562540837116614,0.05175734568270002
Sweden,2018-Q2,-0.0073658317484227185,0.0015561832130311579,-0.5533240413519271,0.030663015371872104,-6.015954752297029e-05,-0.0121283520316777,-0.03561613440342463,0.20614979796729216,0.564004850217003,0.04890612709365805
Sweden,2018-Q3,-0.008151413254178518,0.0024704315361028586,-0.7583190366836001,0.02055151342312722,-0.0005784264381405417,-0.006320639065327846,-0.01758513458314518,0.1968917373571495,0.43223265942794087,0.04867920389081931
Sweden,2018-Q4,-0.008175622225350617,0.0025205751362882573,-0.6720045940747768,0.01634428276544664,-0.0021254773180491415,0.013609018234452399,-0.013863019363782458,0.30039012325108505,0.7508170223277373,0.0435960285697683
Sweden,2019-Q1,-0.008358528654287118,0.004369328468412459,-0.4526260981014646,0.0537421665522505,-0.0024511524956421418,0.006213866071538313,-0.005264908512638089,0.394855997532761,1.0272704550501872,0.06084947247081218
Sweden,2019-Q2,-0.009189564276495218,0.004250521956538758,-0.6217905459411761,0.051409072952716794,0.0008720303729763582,0.004973544436411651,-0.006592960896323918,0.4340915722521377,0.9658205690452302,0.06665550996924874
Sweden,2019-Q3,-0.00881146104631022,0.0040917016975034574,-0.5077844340956645,0.05098094050585955,-0.0007571020299515417,-0.007511346091855195,-0.03364523513438137,0.40761233678823716,1.2086916776690695,0.06631787121453131
Sweden,2019-Q4,-0.008627533850688218,0.004381223414736858,-0.642751757543065,0.05317256074229215,-0.0004594973773215417,0.01100632180960617,0.07440736708457493,0.22126210746432706,0.9388860442497575,0.06765820203698975
Sweden,2020-Q1,-0.006859519418786019,0.003745040833877559,-0.8603691582460938,0.10333954369015463,-0.002212213359252442,0.012508818112566124,0.013232891532901048,0.24248927674804976,0.8425046762992847,0.0842906367830728
Sweden,2020-Q2,-0.004823647583191919,0.0049858097833017576,-0.6004806055764306,-0.0016458346571760485,0.004655663392764858,-0.12388786583456343,-0.09203842606311433,0.32016733562934263,0.9957764802882909,0.0491300772021252
Sweden,2020-Q3,-0.005800119034048718,0.0021491776462305573,-0.8500763847019408,0.02943404098550151,0.005702730412745558,0.05463357470058086,0.026442261605683935,0.19998706656126863,0.8369655725469343,0.07027867392672471
Sweden,2020-Q4,-0.0049478255547104185,0.0004482035780433574,-0.3944598577911982,0.029039440022493923,0.004710216931345258,0.010355277720808267,-0.01708626862440902,0.15947107481799705,0.7617814219405099,0.07267252304868288
Sweden,2021-Q1,-0.007186859398786619,-0.0015760215073829416,-0.6633327622301847,0.07073919226250036,0.004080112538954758,0.03127827328975166,0.08777900958309623,0.0523195242003438,0.8737167533212971,0.09720195418774774
Sweden,2021-Q2,-0.007240189098200218,-0.002961649977957743,-0.6828830694950939,0.06418888215323504,0.0020921550031082585,-0.004479441367264833,-0.022036218098527773,-0.06707809071829396,0.9549530447813097,0.08913903790821887
Sweden,2021-Q3,-0.008087766259927118,-0.001974957335209443,-0.6002832843308981,0.0630930395878333,0.0026270965599462584,-0.0028846961636141725,0.0028869388008823885,-0.12130227371035285,1.0605783274448772,0.09133825998526568
Sweden,2021-Q4,-0.011170085397049518,-0.0017519228344814418,-0.7223557339790716,0.10648800897693311,0.0021555067954101585,0.0214280215712104,-0.026732338651257383,-0.15951453280284644,0.9775697857242183,0.1193751676206638
Sweden,2022-Q1,-0.013569339764921117,-0.0007304192356015413,-0.3535801907912073,0.08119576617729118,0.0010790945004265583,-0.01760843956946132,0.013646342225145458,-0.20862528088630805,1.3309397957779152,0.11697466592446609
Sweden,2022-Q2,-0.017880921736327916,0.00044074140517615795,-0.5310338642933955,0.05198210789881175,0.0017031424640934585,-0.002722420343996809,0.009416176110457497,-0.15170308747647376,1.4922227625759767,0.1238773242266239
Sweden,2022-Q3,-0.02363120947512952,0.0033845391292650576,-0.6404486836846932,0.025368514277235854,-0.00017946747540184167,-0.02874521517953574,-0.004283599471453103,-0.0804865783392501,1.661157015811425,0.1318878832747386
Sweden,2022-Q4,-0.02757553229273202,0.004696993879917958,-0.38763996702693365,-0.013570178740488936,0.00013335031962515833,-0.03957179388080198,-0.07286154466810771,0.008323900702004838,1.717567806205415,0.1372717977273219
Sweden,2023-Q1,-0.02679653874778712,0.004367037894597758,-0.5319392423749132,-0.10831067205315814,-0.0022876149029310414,0.005874357998960214,0.027660111946785047,0.053255431080256876,1.7702458497258082,0.08080567933849425
Sweden,2023-Q2,-0.02252782663616862,0.003637434544697258,-0.46091033434608847,-0.12395502969515348,0.0002677514710054583,-0.020970291347156753,-0.03533067312222308,0.0771415821550483,2.2871061721073165,0.0852693436179392
Sweden,2023-Q3,-0.016481913582902817,0.0038873741106291576,-0.5808689411342458,-0.14130060671587552,0.0007048869029489583,0.017116062990845584,0.008742996362100042,0.08811687580374006,2.1572739117486703,0.0732679527517554
Sweden,2023-Q4,-0.011037169472528818,0.003971138123373158,-0.6836350366004003,-0.19916980858011424,0.0024976539781063583,-0.052462152523690325,-0.05735844607519717,-0.003514014443068092,1.7974609970177011,0.048387104231730316
Sweden,2024-Q1,-0.009663450486015818,0.004218836137726459,-0.4845848734412125,-0.1261483128017339,0.0024269261191608585,0.04078843208170249,0.022227357958124326,0.024781860963495106,2.353013900824898,0.09198241286456638
Sweden,2024-Q2,-0.006302427506972519,0.0026993861915155584,-0.6758276618203507,-0.1394712143878556,0.0032121033826762583,-0.01711757534666389,-0.03301196830198642,-0.024342086582607836,2.4158543362796028,0.0864201027188854
Sweden,2024-Q3,-0.0036562349261893183,0.0028421535032648586,-0.5314866209694895,-0.11724206895773037,0.0023508350472953585,0.00797876297847069,0.02687790903320838,-0.14752023929134128,2.2444427957342326,0.09509603509434811
Sweden,2024-Q4,-0.0015676224279428184,0.0028223888679188586,-0.5363315451777555,-0.12886557483528027,0.0035952565667727583,0.0018585889381710604,-0.016718764312383318,-0.1955509779205744,2.6336022202231932,0.084970152546194
Sweden,2025-Q1,0.0005209275710439817,0.0033018520766060575,-0.6307456470448658,-0.17937822527626257,0.0039013544048328583,-0.00227123999995846,-0.021374743250904306,-0.31654222446199687,1.8292173175026887,0.050030939559537524
Sweden,2025-Q2,0.0015975458060572814,0.002970415834134158,-0.4430244907953438,-0.17053660353068245,0.0032376653781906583,0.007614433653475608,0.02527177429171331,-0.25948321306907296,2.056713968329092,0.051302998615106454
Sweden,2025-Q3,0.0005615810499578818,0.0032903193640931583,-0.4904208182945681,-0.18401967537749642,0.0032442372470763586,-0.00440393412519888,-0.0038258495136959444,-0.30865055870104374,2.287275669510495,0.04273505796459537
Switzerland,1994-Q4,,,,,-0.0011820163122075236,,,-0.08730453686773965,0.4619929897903544,
Switzerland,1995-Q1,0.006667807276437216,-0.0034810837579318417,0.26184020794678275,,0.0008514404296343764,-0.0064959748717185,-5.4900541459211756e-05,0.18937748775879637,0.42757980012166175,
Switzerland,1995-Q2,0.004644963162043617,-0.0028016287227628413,0.027202339060365954,,-0.0012114278768017236,0.0007319857484874197,-0.007118259403621018,0.10830928808231599,0.39426741656545006,
Switzerland,1995-Q3,0.003958373565347617,-0.0032235270796150423,0.9215494490779716,,-0.0012656667559155237,0.001146525680532408,-0.02122119475843801,0.04722230366757696,0.3600295829878039,
Switzerland,1995-Q4,0.0029450997703018163,-0.004686747520886242,-0.008891131840748301,,-0.0017376343565320238,-0.007465785245439958,0.000359998411750574,-0.060488992663984664,0.36005185868386397,
Switzerland,1996-Q1,0.005958875080869116,-0.005067354255797242,0.3678069185041961,,-0.00018203602209792365,-0.002191437090143365,-0.026393094430686524,-0.2008950636387099,0.41548470982044106,
Switzerland,1996-Q2,0.0073521785841655155,-0.0058031711488928436,2.0479324756260495,,-0.0008489124634081236,-0.0058830365097469845,-0.01528406008074382,-0.3828722849008086,0.5127067509929455,
Switzerland,1996-Q3,0.007619018300839817,-0.005981778351673741,1.3009658928980268,,-0.0009031374079850236,-0.013227808005344854,-0.008960754560453785,-0.4379702225992421,0.6052827946901519,
Switzerland,1996-Q4,0.006820186563980117,-0.004951652160412242,1.5992636756070668,,-0.0004040360855330237,-0.003557589714047081,-0.02400227813153902,-0.6007691698654525,0.6891662827285419,
Switzerland,1997-Q1,0.0062492063386041154,-0.005272859730856743,0.4649163574085341,,0.0006864505242424764,-0.003773585938949507,0.0056964718485814315,-0.7389282542951934,0.7162443967898027,
Switzerland,1997-Q2,0.006230197288804817,-0.005460853568381942,1.0177651349650692,,0.00029508881318657634,0.007732957868311731,0.014351238740738261,-0.6563489665019007,0.6461047051872288,
Switzerland,1997-Q3,0.006348715994328916,-0.006271081009268242,1.0938866111995154,,0.0011206584645889763,0.010355655551753985,0.01731355120106978,-0.5942817114221355,0.5259891215689473,
Switzerland,1997-Q4,0.006721447042579416,-0.006617092496691341,-0.9452184860530948,,0.0018262426613059762,-0.002368245568085468,0.008636272120408486,-0.6976036265956167,0.38208892859516896,
Switzerland,1998-Q1,0.006874459092510117,-0.005095914451614942,0.9168619838176522,,0.002327450690574776,0.005203204394856544,0.017800582634439146,-1.0618984234781763,0.22514387998108318,
Switzerland,1998-Q2,0.007864806213635316,-0.006700067491317742,6.027859569925688,,0.0020924248732173763,0.009827534122791904,0.021629600768720416,-1.3522496414594722,0.08443713395706157,
Switzerland,1998-Q3,0.007211596293596016,-0.006669377527487643,1.286821370474817,,0.0015486506910333763,-0.010240705350106693,0.002787469517361053,-1.3090101730864983,0.018927674046059495,
Switzerland,1998-Q4,0.007057293620888817,-0.004594708737434143,1.8413576871088604,,0.0012927064642182763,-0.013108373963706909,0.009893878451527862,-1.4346290142150901,0.02076431417453381,
Switzerland,1999-Q1,0.006037160206005816,-0.004760865576887041,-0.44849293624656483,,0.0017098353672416763,-0.0017196162774818597,-0.007597738133557051,-1.6164719337858893,0.1178243987227176,
Switzerland,1999-Q2,0.005491097846596417,-0.006154901897413743,-2.7697701298406705,,0.0007325907476662764,0.0017858658649690844,-0.01818740635357988,-1.519194782837257,0.32857906358175415,
Switzerland,1999-Q3,0.004960833707604117,-0.008223487720478042,2.585633194230131,,0.0006218469531001764,0.0026848177277970413,0.02056704095299319,-1.1112205138875901,0.5958927051274746,
Switzerland,1999-Q4,0.004941329136134617,-0.008708109005636242,3.9137206494493504,0.0819266556200896,0.0008795228946281764,0.01853728140740084,0.011607583441321147,-1.1088125810479248,0.932856646642062,-0.0390015593841363
Switzerland,2000-Q1,0.005548506861958617,-0.01057040928528174,1.6708574912448113,0.06687411300964063,0.0011498112308641762,-0.0005623972329330635,8.356701959885259e-05,-1.2562854163246833,1.1812444692004713,-0.047857311269405456
Switzerland,2000-Q2,0.005698317333602416,-0.011330184394032541,0.606225230227597,0.06562759610878344,0.0014852277286909763,-0.00017363885492994568,0.01281789372431016,-1.187439767452152,0.9816388741603341,-0.04739386147753061
Switzerland,2000-Q3,0.005728728653813417,-0.010391002620208043,1.0459698338532382,0.0598296583097333,0.0019161980239334763,0.005131306100500156,0.004679318722824867,-1.2617174270479863,0.9015512412099671,-0.052716112510126256
Switzerland,2000-Q4,0.004588026113068917,-0.009760146861894243,-0.21255133783064495,0.06261640583294192,0.002193091267201276,0.008611851792498116,0.015348379545050386,-1.0140065033045005,0.46003211452837434,-0.051450143519149616
Switzerland,2001-Q1,0.005026092808994917,-0.00832622558960914,1.954938371127244,0.08742062041600629,0.0010083651624009763,-0.0018863247432515757,-0.013259401900063614,-0.9133126786389574,0.9366946101998266,-0.030882651951707918
Switzerland,2001-Q2,0.004169073558245117,-0.006639905849498943,1.4954263752897134,0.06173018045523282,0.0017793876241315762,-0.005479511515540279,-0.01836904043189994,-1.0369634625521416,1.1405768128302267,-0.04265192997949735
Switzerland,2001-Q3,0.004548520687380717,-0.005995075500340343,0.7220757284130095,0.042315632177489126,-0.0007122585167943236,-0.00481311814723807,-0.014463564155857731,-0.8225502564988285,1.167179402801815,-0.05524179494782239
Switzerland,2001-Q4,0.006125210726481816,-0.0034408006652185425,1.5089223217398167,0.022987622665452845,-0.0006361392027279236,-0.005139462309774144,-0.0198702148264425,-0.9151306224853588,1.2135008230520588,-0.06651448440201543
Switzerland,2002-Q1,0.006821755181406016,-0.002942096056137442,1.2218114551833685,0.0131806614975849,0.00026733808057907634,-0.011603209550706494,0.022338029494858937,-1.030937884543718,1.0426942525809024,-0.06514371424344104
Switzerland,2002-Q2,0.0062220619127698155,-0.002587508221172742,0.9937053778130032,-0.01254793821634359,0.0017885629738686763,-0.00887505940437262,-0.008664598191874737,-1.123487624265405,0.6195366012753301,-0.07308803737642824
Switzerland,2002-Q3,0.0063195442635806155,-0.0012793455941390412,0.9407107015005096,-0.016721592227020965,-0.0016801708253411237,0.0017414652920796263,0.0006763186792606247,-1.1473118529352297,0.859368388546637,-0.07740619877290689
Switzerland,2002-Q4,0.0036802716789809168,0.002815449190552758,1.6539115116402894,-0.04150889319420714,-8.374825569321199e-05,-0.015361547072439207,-0.023467158933581565,-1.1941305435577436,0.8392068383312747,-0.08362257421934316
Switzerland,2003-Q1,0.003144341574467016,0.003336225448317658,1.3868462511201183,-0.050828447941122734,-0.0013158934610190238,-0.009045018348388011,-0.02007434161666358,-1.2812816218284633,1.2712511492321275,-0.08312571310904018
Switzerland,2003-Q2,0.004955630110246516,0.0037424787563425585,1.622905484053206,-0.05824253894482001,0.00041617964719657636,-0.0040613043158240865,-0.01618220504586224,-1.437015050862982,1.1434099874640105,-0.0823648374309206
Switzerland,2003-Q3,0.005478676982026417,0.00011547990471755774,1.3791321762334627,-0.04030240710328692,-0.0013450339426701236,0.012863137069791464,0.02715246935327317,-1.277357348323069,0.9348656001675657,-0.07582132407426048
Switzerland,2003-Q4,0.005168646185365517,-0.0025342004785988415,1.5510145090427183,-0.0449336871376278,0.0015047645167939763,0.001989081965694796,0.01538677723813239,-1.0635544590519923,0.7244253125132134,-0.07552463311554095
Switzerland,2004-Q1,0.005728540455131917,-0.0039551544249642415,1.7595140406691652,-0.02326572646781777,-1.9335229015216063e-05,0.00717459467856162,-0.0007763650760304374,-0.9610923632350694,0.8226478392463832,-0.06201023287525065
Switzerland,2004-Q2,0.004127954015107517,-0.004171429101734042,1.0788773035400467,-0.05884134864142454,0.002336822080796576,-0.009533492675743004,0.005294351361219775,-0.934299364287484,0.7428115565942257,-0.07798622553817111
Switzerland,2004-Q3,0.003980858919208616,-0.003414699131659142,1.4446767123183064,-0.059765796421324735,-0.0018134479260395236,0.0031542863169954265,0.032803638124188926,-1.0025549061103418,0.9147811131397889,-0.08128177039732679
Switzerland,2004-Q4,0.0018696885227105168,-0.0025605580784815417,1.649813167212801,-0.07802137163090817,0.0014570168333038762,-0.00872942346154194,-0.022918340996998885,-0.9888749960069143,0.7852739210055626,-0.08384689281437283
Switzerland,2005-Q1,0.0015791496693621167,-0.002779701493696742,1.2896616763009818,-0.07446242822762694,-0.0011606481217486238,0.009209426521295073,0.0007644342687629048,-1.0020252631977984,0.9778811323892647,-0.0857677789990248
Switzerland,2005-Q2,0.0018760412655915168,-0.0033963199097686424,1.3140977026159917,-0.08140660882921913,0.0018853506357045763,0.0016049503516680679,0.0013568898883273518,-1.1668970945177026,0.9969490722336289,-0.08581736442913437
Switzerland,2005-Q3,0.0012738175005328166,-0.0033371885566830413,1.3566108337883476,-0.072793086589511,-0.0007937371992117236,0.017856680974942408,0.009623317642576148,-1.1226836829151239,1.00342493956525,-0.08929271323032342
Switzerland,2005-Q4,0.0019488918858343168,-0.0044796015238197425,1.1410017983421072,-0.06615000614393907,0.0028314889273992764,0.0026466119991984576,0.0027490310431974264,-1.186983836326048,0.8411430845838281,-0.07975012484803098
Switzerland,2006-Q1,0.001968809960799917,-0.004796670852613741,1.5321149646330978,-0.06831922411705005,0.0005167435225382764,0.01764777148237161,0.007143956677209097,-1.0792866168151245,1.238481589005789,-0.09187092149460802
Switzerland,2006-Q2,0.0028852399963475166,-0.005363902347294143,1.0978681699400055,-0.07444505061159834,0.0028700668370733764,0.0020169315203412046,-0.0021425719066390557,-1.079830072548757,1.2855651874809964,-0.0920621526378882
Switzerland,2006-Q3,0.0027118140735553167,-0.003911456151997842,0.9858849348242053,-0.06618462534672154,-0.00038141682034812367,0.012555345689662645,0.013567285761812067,-1.133167240985479,1.2903276329493518,-0.09498684345831157
Switzerland,2006-Q4,0.004566151723075916,-0.0031737278736709423,1.6972563597685597,-0.030485889981329062,0.002230423103102876,0.01580329779783095,0.029902444688688825,-1.2490076761116242,0.3681571242106936,-0.07323059677905908
Switzerland,2007-Q1,0.006188766160174617,-0.0033124050721176426,0.9919871471845693,0.01988364711404922,0.0013513635069930764,0.018268814306095494,0.009148109685475938,-1.3708865533959518,0.5681292058697904,-0.04617305233857194
Switzerland,2007-Q2,0.006515686490949916,-0.004312421060424442,2.175726845209139,0.025641886898164823,0.0028091362698894765,0.0017276983902477687,0.01055049239463154,-1.612557700246665,0.4345549700962656,-0.0350150366671001
Switzerland,2007-Q3,0.006529994873283216,0.0004688026465632586,1.5793115969156986,0.04251068591029772,-0.0011275738887018237,0.013913924969733416,0.0025564460365638765,-1.6827090462502716,0.45342628320583434,-0.032146259781977105
Switzerland,2007-Q4,0.0036677678055034167,0.002697389575674158,1.749971540867906,0.034697398750668795,0.0026048643489240764,-0.005041186588993339,-0.005049186651449965,-1.6436574462197644,0.678868830483778,-0.02864975212197657
Switzerland,2008-Q1,0.0013449349811941167,0.0025459736331643577,-0.34540386707378157,0.03189345773323282,-0.0007468500640564237,0.002067695417425343,-0.00664731085787421,-1.456692660949522,0.5281912601842718,-0.031245130868440163
Switzerland,2008-Q2,0.0014686259625107168,0.004819952327816658,1.991270690300698,0.03227951725783107,0.0029333489694527764,-0.0065763849285111016,0.0056551838744982276,-1.454785134288826,0.545692103230023,-0.01838694645300326
Switzerland,2008-Q3,0.00013727197612211652,0.0048806099062713585,-1.3384696758460706,0.039800834611242064,-0.0018503536661806238,0.0008407497595542728,-0.008937769532846338,-1.5930429077388704,0.4432301595193188,-0.014490718758169319
Switzerland,2008-Q4,0.0019122799501666166,0.006558782793175658,-0.6256942285933105,-0.0033476051211629443,-0.0017823867180660237,-0.027680935049312693,-0.033092242407942986,-1.4127066814941407,0.3681034346064683,-0.03341351441147894
Switzerland,2009-Q1,0.005527654836176817,0.011259585413304558,1.614663508211028,-0.0010785694827326608,-0.005442346540851624,-0.010332175736353377,-0.03879072623749428,-1.459773512865734,0.8731958606859194,-0.03312593350152765
Switzerland,2009-Q2,0.007977361508699916,0.012682052158124258,2.755438689953786,-0.008466198760230692,0.00012621440564807636,-0.011177349354514986,-0.032419039710712506,-1.5028278432089994,0.7683056444003349,-0.024655996655935097
Switzerland,2009-Q3,0.007823658872124717,0.007312557147079159,0.780715339839669,-0.0007085171771342713,-0.0020407790035313236,0.0106336924809317,0.020573313350254332,-1.4574082022869375,0.41385492833857407,-0.02188915673820535
Switzerland,2009-Q4,0.0052861622202754165,0.003813130050253258,0.9405501307973289,0.007936500261591983,-7.774949347443452e-05,-0.0033349898117886008,-0.012536410237038473,-1.2919357773315254,0.2849076637757514,-0.008588806555809292
Switzerland,2010-Q1,0.0013778362181756168,0.002734510166295858,-6.4983441703565585,0.017097030832507465,-0.0022036944584963238,0.010922604460134367,0.013698085270747975,-1.07325239141381,0.2505916493594693,-0.005876519337276398
Switzerland,2010-Q2,-0.00032826639111278345,0.0020666327115827585,-56.767980561197255,0.020133563494278972,-0.0010752792977709238,-0.0015244004751301483,-0.001078493806967039,-0.4116840275465177,0.5638023520142195,0.0012821724053399541
Switzerland,2010-Q3,0.0008085612265172166,0.0019139373347417579,2.217459652278726,0.027667519348465786,-0.004529007242736223,0.010876290620189012,0.013291111122659651,-0.5338399035967312,0.6266935492434749,-0.004327762847950722
Switzerland,2010-Q4,0.0008203196655883166,0.002174056513255458,1.200185082894304,0.014787263818357266,-0.00038128381670072365,-0.002057599789617624,0.0033752243170090636,-0.24759531082184427,0.5728364927732387,-0.007800380920731209
Switzerland,2011-Q1,0.0007023161879604165,0.0015580342308871582,1.6336163511879591,0.037533072823496605,-0.0018505163266450237,-0.003972442868397051,0.004077508172931367,-0.13436307431694283,0.6819334648888447,0.010734233242202518
Switzerland,2011-Q2,0.0013391745761302167,0.001066291406132758,-0.34697025017435523,0.011567430651566069,-0.0009173382764969236,-0.005329608780879523,-0.015359210344746663,-0.19463230657263475,0.4373723963955883,-0.00024945647784851976
Switzerland,2011-Q3,-0.0009067574556126833,0.002675300880680258,0.16384589546421746,0.020212700493710267,-0.004751537420562323,-0.0009683128807579473,0.004005752018648913,0.0843531877606476,0.7900611390554242,0.0002602623449465269
Switzerland,2011-Q4,0.0005363308348460168,0.005594507051638258,1.3212110651575057,0.019862916160013344,-0.002091053366675924,0.0002643769274880319,0.012013461079291212,0.06863411608998193,0.8272434351554976,0.001740998838904162
Switzerland,2012-Q1,0.0013320234981275166,0.006456999997308058,1.298330246577595,0.025257655930033374,-0.0020231093523141236,0.005566866024278129,0.017321291248819173,0.007693832528130606,0.5599644739174479,0.004442548309919692
Switzerland,2012-Q2,0.0004952340892029165,0.005591037701358058,0.7434758487022883,0.014468529243848893,-0.0006935127392287236,-0.006646452359735276,-0.011642062711248378,0.5085450548795667,0.6055037234249847,0.004599676847219791
Switzerland,2012-Q3,-0.0014714402562804835,0.006369068776360558,1.1391761276260908,0.037357507615023766,-0.003058771430236724,0.011458931675095586,0.015026043668473456,0.7668278202868473,0.5221019061654311,0.01329724675709093
Switzerland,2012-Q4,-0.0018245762149933602,0.005518962111018358,0.76807151929718,0.03558971071409722,-0.0017267790462939237,-0.0042607003772142755,0.0025884907480597475,0.6937082872930174,-0.07267059046879992,0.015383531932291361
Switzerland,2013-Q1,-0.0011672902043930833,0.004622876435609458,3.6007135086821567,0.0336768430809784,-0.0017097723186876236,0.0009318139066910496,0.0004948560088382193,0.639362731013194,-0.5549508254549391,0.013959161129493969
Switzerland,2013-Q2,-0.0007943681856313835,0.0028039760963669584,1.5719497853526228,0.025257220471384012,-0.00045847343278462366,-0.00039757870422530827,-0.0055175479303657725,0.5849390510229731,-0.6672817450153232,0.012623190460445521
Switzerland,2013-Q3,-0.0007776530182364834,0.0029003205244439584,1.3000774746177843,0.015126492499667687,-0.0019231104836620236,0.00296377399602409,2.160871192865687e-05,0.4672358437891324,-0.9259280553389495,0.005492564264437005
Switzerland,2013-Q4,-0.0010413957386648832,0.002838196840709558,1.2411253540437033,0.011012655408149663,-0.0011791516727199236,-0.0030161483213965263,0.004726647537553553,0.6118612900655911,-0.8975436552219991,0.005584085769546887
Switzerland,2014-Q1,-0.0012804744816847834,0.0016278713826563575,1.880860181672204,0.009645171002451214,-0.0016120681625489237,0.003503173991019283,0.003563736526643403,0.5230596923991286,-1.1536875072497221,0.0037388278403732156
Switzerland,2014-Q2,-0.0021121554404142833,0.002355632135045558,1.2668314469661262,0.00451788306733969,5.196839923567252e-06,-0.0015892307756447772,-0.0021713851874279088,0.5500937771394443,-1.1737062979651054,0.005824964922979681
Switzerland,2014-Q3,-0.0020943208255072834,0.002916242694072658,1.4196413472792102,-0.013337568707933789,-0.0018037660032268238,-1.9774556551206343e-06,0.007621559804952461,0.4013631499276702,-1.3302371690079673,-0.005283332766170767
Switzerland,2014-Q4,-0.0019815922853417835,0.0031205461734947577,1.348449897486872,-0.018513562162217223,-0.0010682243482093238,-0.003376054477829525,0.004581816462120493,0.3539252797721488,-1.7860515182014896,-0.006284756665995539
Switzerland,2015-Q1,-0.0025118026503327833,0.003636511474833958,1.5167787460086253,-0.018099632409296684,-0.002074420069429124,-0.00013111936529942424,-0.009561900471981608,0.809920194271508,-2.2454343673354322,-0.008294773398864141
Switzerland,2015-Q2,-0.0013713425022526832,0.0020147941831858574,1.4016545975476526,-0.04201650792163403,-8.973381901868422e-05,-0.008313995526542228,0.0032232701142631227,0.7776870031581189,-2.109514980603971,-0.016173321585445877
Switzerland,2015-Q3,-0.0010371930605824835,0.0015863135870836584,1.4883913583346162,-0.03911940632357136,-0.0016530107429210236,0.0053397768886861334,0.007235237485461589,0.7831125137212158,-1.6369200433849962,-0.015809679050548642
Switzerland,2015-Q4,-0.0012602589692921834,0.0027393407366333583,1.1980762879578701,-0.028375323816991815,-0.0006473411626624236,0.0006274335469137375,-0.0018378456513415175,0.715529215101828,-1.9051220847414438,-0.006875224401553637
Switzerland,2016-Q1,-0.0027297940297116834,0.002301990653750058,1.1727604091070574,-0.0024989381457181103,-0.0021701518673675237,0.004105342414350334,0.009082334837347852,0.7788814459878106,-1.6114789156419027,0.006975703396668531
Switzerland,2016-Q2,-0.004050598156793983,0.003857227444038958,1.630373123302098,-0.02195443971707911,0.00036376519124217634,-0.005857863536252848,-0.00364966926740221,0.729211135070065,-1.780193902918602,0.0037746861349469696
Switzerland,2016-Q3,-0.004807174461127984,0.0036089681532092584,1.1840645908619032,-0.019848475952976785,-0.002116770610624624,0.0028872419299245016,-0.0021043199776973652,0.6378220707593523,-1.8353007597402107,0.004101102494037723
Switzerland,2016-Q4,-0.0037381193086377835,0.003342694627753058,1.1561711924065377,-0.025514150013587922,-0.0015150599892684237,-0.008402954967131292,0.005831166484461882,0.4818283278444504,-1.876792087581497,0.0048138509054492795
Switzerland,2017-Q1,-0.005532493680107283,0.002860952569546058,1.5847486623780893,-0.03689937055204939,-0.0008245269168110236,-0.00963809676325401,0.0038321509403167154,0.6022118615554224,-2.1354698560921053,0.005176919256374313
Switzerland,2017-Q2,-0.004876166193519683,0.0020315894834763582,1.629500611705999,-0.03559417335266302,0.00011483145935257637,-0.0036881945037005133,0.0060196950897490565,0.505971563501074,-2.3613215040219453,0.013758153172325205
Switzerland,2017-Q3,-0.004868676738459883,0.0017364509874899584,1.1914318804399164,-0.030691284710578137,-0.0014577115100222237,0.008928697116506002,0.01285408665068163,0.457819167376996,-2.1034858618121097,0.015552696512319386
Switzerland,2017-Q4,-0.005628272788464584,0.0017831123032254585,1.2409171694037486,-0.006267484915601695,-0.0005557488561566236,0.008184257678769059,0.0032806955525947713,0.42763977339089965,-2.133952896986426,0.03047453405018663
Switzerland,2018-Q1,-0.0059402308260953825,0.0013311451509057572,1.2095071765438699,0.01904761017122958,-0.0005410689402533236,0.006187882014403558,0.013123964341173768,0.8440900305316701,-1.5155691999839527,0.044900562744091654
Switzerland,2018-Q2,-0.006802546028973384,0.0015561832130311579,1.2466165982026727,-0.010125152892464073,0.00039292046021607635,0.007567999616315037,-0.02155171560346728,0.8768854763139986,-1.2671806190907087,0.03194851331834414
Switzerland,2018-Q3,-0.007172677670671583,0.0024704315361028586,1.8214882694593342,-0.030640336448934158,-0.0014262569749325237,-0.00691763921066436,-0.018318370586694974,0.8834325089497501,-1.4162203214920517,0.020771788384588208
Switzerland,2018-Q4,-0.006780957513918783,0.0025205751362882573,1.5553268634336206,-0.04192002801443706,-0.0013766105506045237,-0.0030094635778573726,-0.010865616403757748,0.8777308660554466,-0.993084571293203,0.01538912365273104
Switzerland,2019-Q1,-0.006502299997466883,0.004369328468412458,1.7579362022630285,-0.03141338212658484,-0.0010206407791794236,-0.002221062741671785,0.01018438788319417,0.7987279923925097,-1.4320235540213544,0.022754385477812
Switzerland,2019-Q2,-0.006806774937256484,0.004250521956538758,1.8440354970048976,-0.03300020144370608,0.0011220208770528763,-0.007587550002092667,-0.009493206157778409,0.7515138613644428,-1.824284487500434,0.0322065579734227
Switzerland,2019-Q3,-0.006976872137010884,0.004091701697503458,1.4845943744407377,-0.008304276682462808,-0.0014664048475637238,0.0004258770338890676,0.0036036321309178233,0.8534226211456886,-2.0052682299547357,0.04447339735837058
Switzerland,2019-Q4,-0.005624820672881184,0.004381223414736858,1.486170553567783,0.032370235828833804,-0.0007269242158064236,-0.002509516678353206,0.03265288092513915,0.9259902649615388,-1.9876028519897841,0.06610087717372604
Switzerland,2020-Q1,-0.006682888320215883,0.003745040833877558,2.0806255936044518,-0.003725409730314544,-0.0004392459616959237,-0.02290308295257216,-0.015226223501601886,1.3925331826398755,-1.5109985936602737,0.05364482359411882
Switzerland,2020-Q2,-0.004396124072255883,0.004985809783301758,1.0276862002231437,-0.07151184369437591,0.00044850904186727634,-0.08003835560067775,-0.09134872636890148,1.848823970478235,-1.3232807953199044,0.037562088199068866
Switzerland,2020-Q3,-0.005623555109576784,0.0021491776462305573,1.4442290695738556,-0.007460395128856323,0.0005671118461205764,0.06537575733592159,0.08438854212995348,2.014618434926564,-0.8384273739165633,0.06638687643781288
Switzerland,2020-Q4,-0.006399285623981883,0.0004482035780433574,0.4438290827341691,-0.01587819757678033,0.00028185297605427633,0.010394496502934659,-0.00016956128207871058,2.145208055761228,-0.7478742794777489,0.06306632222563124
Switzerland,2021-Q1,-0.0066184851750941825,-0.0015760215073829416,0.642932646293072,0.039529819371227015,0.0010468774753468763,0.004945203765173036,-0.006620401916628303,2.172549938284098,-0.15464973159155226,0.09330154377726091
Switzerland,2021-Q2,-0.008400116810188284,-0.002961649977957741,4.493947556576535,0.07392321636346921,0.0018978494380048764,0.028505831104691837,0.017232867210358074,2.0723325358705136,-0.4295540290720438,0.1049988093327705
Switzerland,2021-Q3,-0.009673205670657685,-0.001974957335209441,1.23276441038562,0.09871864601964775,0.0010757821675268762,0.02281056056319929,-0.004575336365606951,2.136018882190263,-0.1916443072446098,0.11161187031642433
Switzerland,2021-Q4,-0.011214946796420084,-0.0017519228344814418,4.8333366673198235,0.09509326152159459,0.0012236639578563763,0.006883968164494649,0.013199185526333559,2.364642282449507,-0.7265315288432364,0.10702852423474779
Switzerland,2022-Q1,-0.011695345740546783,-0.0007304192356015413,1.4097610029206735,0.11662992631848829,0.0015544148871529764,0.005547017467758865,-0.018555375771305314,2.4058335058883773,-0.5747923918509708,0.11713716192482443
Switzerland,2022-Q2,-0.012564670215563683,0.00044074140517615795,1.4483233574019947,0.10340114258903937,0.002089193861121876,-0.003134817783477471,0.008563068334477699,2.454219673409809,-0.2922998343980649,0.1200560818731971
Switzerland,2022-Q3,-0.013722436967879184,0.0033845391292650585,1.8367142417496203,0.08518407025641417,-0.00017404209857512363,0.00012853446990856044,0.005171738521752424,2.386773173549916,-0.24566261864795685,0.11411347132833621
Switzerland,2022-Q4,-0.011262692453490484,0.004696993879917958,0.187285867639174,0.0660223318608335,-0.0006593121528488237,0.0014777538086826374,-0.004155395270226713,2.2299865943574364,-0.3259528522943766,0.10215434795660538
Switzerland,2023-Q1,-0.011164447209562584,0.004367037894597758,1.4481863856706814,0.055667186441197614,0.002074058222874776,-0.010162796338013435,0.014233775193499078,1.917010045544148,-0.17925683217592825,0.10570324187528057
Switzerland,2023-Q2,-0.009204918994590583,0.003637434544697258,2.200679243016956,0.017129708252491715,0.0020443601657406762,-0.016197784150364113,-0.011945653924545972,1.8270788897683568,-0.18470495610255105,0.09310506410392733
Switzerland,2023-Q3,-0.007462461039404584,0.0038873741106291585,1.2169975689758177,0.0024651249774880757,0.0016087344122450763,-0.003996094313137531,0.0006013707942282521,1.676700795899227,0.24810561404899453,0.08896529951466237
Switzerland,2023-Q4,-0.007916312976990884,0.003971138123373258,-74.27336061964088,-0.033165980917714055,0.0012545231362081763,-0.000820959253498797,-0.013253851169443585,1.6943134015540156,0.17925754365750446,0.07239771107704679
Switzerland,2024-Q1,-0.006977989873823684,0.004218836137726458,-9.406689222346966,-0.03458510762005407,0.003288259536146976,-0.003754452833831477,0.0017923094578402255,1.7002007130186725,0.5249334715431586,0.07901305190523106
Switzerland,2024-Q2,-0.007688628796591884,0.0026993861915155584,-1.031781680140024,-0.02075633076713579,0.003252350780136576,0.0007948797570645942,-0.007239209084229735,1.760307206109577,0.49818926462646146,0.09281370396474259
Switzerland,2024-Q3,-0.007775736859580783,0.0028421535032648578,0.802492517397531,-0.03369248378569567,0.0014959380325373763,0.0054980961630236485,-0.008091818351396305,1.8232980618420553,0.18797492868220145,0.08355252643964234
Switzerland,2024-Q4,-0.006833411597136484,0.0028223888679188578,-6.313222469025954,-0.037163114152937715,0.0006937867648760764,0.0025236213922906663,-0.0009644442876397862,1.7435831212919963,0.7452007592875286,0.0780975473872138
Switzerland,2025-Q1,-0.0059892021342454835,0.0033018520766060584,-0.014278193153241414,-0.03923305286107248,0.0022226505152539763,0.00443791007101534,0.0006830049462424838,1.8027108282967654,0.4416021689423555,0.07836363429536863
Switzerland,2025-Q2,-0.005377694859381284,0.002970415834134158,2.712565821914972,-0.0739896181475187,0.0021090347477986764,-0.009570245657254516,-0.018438775444350717,1.812923257557284,0.57068813144709,0.06492534084113166
Switzerland,2025-Q3,-0.006043049520040084,0.0032903193640931583,2.6123472872897704,-0.08698373224891476,0.0010618053539075763,-0.014095872992099145,-0.0037956019621075187,1.8668793688071872,0.7633559504276908,0.06233065191372683
Equal-weighted aggregate,1994-Q4,,,,,,,,,,
Equal-weighted aggregate,1995-Q1,,,0.10206447147919911,-0.05900294374435294,0.0018140428392799906,0.007887486499539884,0.013873257179466842,-0.2014127854640142,-0.37081567910190844,-0.06201806626226496
Equal-weighted aggregate,1995-Q2,0.012920549922594683,-0.0028301621961885006,-0.075309559529018,-0.06274754131646307,0.0013112603930164686,0.0004594834532969912,0.005735500273652284,-0.24547035585788973,-0.3939795107468021,-0.06472020707457014
Equal-weighted aggregate,1995-Q3,0.012380340572785052,-0.0032520605530407505,-0.12356025076005885,-0.06284778724588112,0.0005316113546885084,0.0019294211586245863,0.0004071637987164596,-0.2879043430170801,-0.411870717351564,-0.06776533883853458
Equal-weighted aggregate,1995-Q4,0.011198769354426553,-0.004715280994311881,-0.03249417993930401,-0.06373349586320344,-0.00024225248222432805,0.001887370731649093,0.02219753299975813,-0.3286422244106548,-0.37898390214016386,-0.07031251078171158
Equal-weighted aggregate,1996-Q1,0.010932706308975481,-0.00509588772922291,-0.09684440368737256,-0.06697840240719775,0.0006139946779549607,-0.0011824402345354118,-0.029289306755495702,-0.35868435124941456,-0.36971303903708896,-0.07059163492230094
Equal-weighted aggregate,1996-Q2,0.011126530499200368,-0.00583170462231851,-0.34980682745504477,-0.0718357359166464,0.00021111774940447124,-0.005078217382286346,0.011226184802848095,-0.4104930100232723,-0.36561266759953676,-0.07079512282667454
Equal-weighted aggregate,1996-Q3,0.010970950074535597,-0.00601031182509938,-0.28818535213906205,-0.06620895485967854,-0.0008048008397196292,0.005182484988769795,0.017749014966534693,-0.4518559194460341,-0.36718324318653506,-0.07003983340637157
Equal-weighted aggregate,1996-Q4,0.009068489027495082,-0.00498018563383795,-0.384626384997936,-0.06491486249933948,-0.0008433904002904293,0.0016759896749244246,0.005422048744888519,-0.49400697342547606,-0.37712567020208915,-0.06927383068504082
Equal-weighted aggregate,1997-Q1,0.008996682505621495,-0.005301393204282381,-0.4776208906103339,-0.05245973762403741,0.0002465658276015045,0.007708642237477122,-0.00257248762195581,-0.48507366009251807,-0.41160905772767575,-0.06373638523199839
Equal-weighted aggregate,1997-Q2,0.009686449819484147,-0.00548938704180758,0.3867223329181352,-0.045149105066163264,0.0006621173013109749,0.00897067197770661,0.026884216133911516,-0.49521905696967006,-0.45559786221872123,-0.06123582425866956
Equal-weighted aggregate,1997-Q3,0.008133012181291883,-0.006299614482693949,7.8252406536401375,-0.03732049074271305,0.0006885471628898129,0.008559518009335507,0.002241635772733153,-0.49996755936767634,-0.500213472183522,-0.0594742986479261
Equal-weighted aggregate,1997-Q4,0.007341318361589545,-0.00664562597011705,0.5564181475275662,-0.02833812278692934,0.0006900304094657182,0.013691235569407753,0.01998290445078932,-0.5030295562262528,-0.4739781430882718,-0.05889761863970464
Equal-weighted aggregate,1998-Q1,0.006635038903889558,-0.0051244479250405995,-0.029127229508133762,-0.02344347314785398,0.0007857295219380507,0.0013655162480256857,0.01286809776710718,-0.5167773347527773,-0.5299873912695822,-0.05830074947140566
Equal-weighted aggregate,1998-Q2,0.005968918162821895,-0.006728600964743379,-0.9630113584791921,-0.02269296656364069,0.0016461748807010106,0.0031794788224779403,0.00046591878315616064,-0.5387552147173139,-0.576242046920187,-0.058198403664228855
Equal-weighted aggregate,1998-Q3,0.005865960079079883,-0.006697911000913289,-0.2855127626242657,-0.01624308992709443,0.0001984482954047206,0.004055753570681205,0.017967771441552705,-0.5667849575338695,-0.550934931773186,-0.05746277224172055
Equal-weighted aggregate,1998-Q4,0.005414570128055145,-0.00462324221085978,-0.10792057293677684,-0.013150277925715825,0.0005913337687953805,0.0043076642487589545,0.014983091485380086,-0.5773026261126946,-0.6617256947559349,-0.05691936558681291
Equal-weighted aggregate,1999-Q1,0.0043352247789421455,-0.0047893990503127,0.15828903163358787,-0.002806256267669588,0.0005283826784038205,0.0032968883614300365,0.001801073763755801,-0.5943472247820207,-0.6959876256902633,-0.0520059600305076
Equal-weighted aggregate,1999-Q2,0.004493566842887459,-0.0061834353708394,1.6428494041021109,-0.0035852518515982895,0.0011649927687106105,-0.00010262908060044984,-0.005490292378616646,-0.5507350328456739,-0.5603362167591198,-0.04880186350228162
Equal-weighted aggregate,1999-Q3,0.006060173578890634,-0.008252021193903749,-0.2902143930751634,0.004947516107172534,0.0002436716049142504,0.008733152328341383,0.018233554388296325,-0.5141252534604495,-0.47346949326330245,-0.046494689587911454
Equal-weighted aggregate,1999-Q4,0.005805569186085395,-0.00873664247906195,-0.35688473718274677,0.01342856744419725,0.0017763532152106503,0.006972892145839901,0.007458116796897896,-0.5173193780271883,-0.8922672030855319,-0.042447710373270435
Equal-weighted aggregate,2000-Q1,0.005854975859514345,-0.010598942758707451,-1.0775590837536686,0.021231145402541104,0.0017595542377921304,0.009603956314411029,0.0255688786057092,-0.5057006547807809,-0.9659963199714994,-0.04050605257223213
Equal-weighted aggregate,2000-Q2,0.00494624733967567,-0.011358717867458179,-0.17119763129526383,0.022515626552806742,0.00275087025690346,0.002629827012638239,0.0031739073712013788,-0.49882491588709865,-0.875417117298734,-0.03714457299121574
Equal-weighted aggregate,2000-Q3,0.004174363088610146,-0.01041953609363373,-0.4735863262481719,0.03342190528864329,0.001836998074972853,0.006702114828114432,0.0027424891076470725,-0.43267275995764254,-0.6640106443691819,-0.031818886891450585
Equal-weighted aggregate,2000-Q4,0.0033797512841478583,-0.00978868033531988,-0.8417962940333119,0.04017883179763204,0.0019071356325156305,0.00610009400922494,-0.00023488478103339538,-0.3813815881846282,-0.7213046450748835,-0.028055981535184127
Equal-weighted aggregate,2001-Q1,0.002517427200796984,-0.008354759063034789,1.2012601845664646,0.04021854191466731,0.0010791846654692675,-0.001185491936104191,-0.003119072580675963,-0.27723562291506554,-0.3360752604161045,-0.026039424212795974
Equal-weighted aggregate,2001-Q2,0.002035367193857147,-0.006668439322924579,-0.23420348374512504,0.02989824844131704,0.00219260641436219,-0.009315253313685181,-0.00625454298409438,-0.27462364988998883,-0.23768848817414284,-0.025424114493138694
Equal-weighted aggregate,2001-Q3,0.0026234514544766965,-0.00602360897376598,-0.14024465496179447,0.029108762197592286,-0.00073711013880032,-0.000287465129827239,-0.006440371174833581,-0.2408171494000293,-0.1253203066742372,-0.025993598211437215
Equal-weighted aggregate,2001-Q4,0.0031164085364717223,-0.0034693341386441796,-0.15120641823777045,0.03153332115314961,-0.00078135560463513,-0.0017411572217001766,-0.00476519987147097,-0.2546061070050228,-0.27926709040391273,-0.02452720972210424
Equal-weighted aggregate,2002-Q1,0.0037679856342175844,-0.002970629529563079,-0.19444479682088522,0.02751905553448901,-4.804935352949917e-05,-0.0013104580971095379,-0.009312996718965794,-0.2571564112520265,-0.2281075756760492,-0.02415902907828347
Equal-weighted aggregate,2002-Q2,0.004729782002975184,-0.00261604169459838,-0.2335595350040927,0.015425609690287473,0.0005794283104317004,-0.005963127841024365,-0.015370112663761626,-0.30023429789828493,-0.22032877765554418,-0.027049388980259978
Equal-weighted aggregate,2002-Q3,0.003921606516501922,-0.0013078790675647499,-0.15238803111770233,0.014844353101757982,-0.002451291659667121,-0.00010257369887013701,-0.011756057980149892,-0.28305917942990977,-0.17465977968459195,-0.02879673685316919
Equal-weighted aggregate,2002-Q4,0.0021748896368931347,0.0027869157171271112,-0.2732737718028379,0.00639759068520869,-0.0016181220944958294,-0.0049723808506349975,-0.011958936387427465,-0.3118367486909309,-0.2903236149976026,-0.031205085195065575
Equal-weighted aggregate,2003-Q1,0.0008258433461366468,0.0033076919748920115,-0.2627082428305791,0.0002677939073664065,-0.001983145181016971,-0.004377512600941805,0.005517138117043486,-0.31747776690750307,-0.19719436462503048,-0.030985821594298336
Equal-weighted aggregate,2003-Q2,0.0018745989241538974,0.0037139452829168416,-0.1759940508244341,-0.004138317431974695,-0.0011609183028502025,-0.006842223976569875,-0.017230575126254567,-0.3439596266239442,-0.24902312106605576,-0.030395880402802937
Equal-weighted aggregate,2003-Q3,0.0028507729179745346,8.694643129190157e-05,-0.22597584459759204,0.0009729916982330333,-0.002008620650967851,0.003059664753351052,0.008124487170262774,-0.35364537389304096,-0.2656920877687359,-0.030057259260545144
Equal-weighted aggregate,2003-Q4,0.003984987063066457,-0.002562733952024548,-0.13821906387895788,0.006207558580169206,-0.00045434390085317077,0.005833565940134741,0.0026667384450014264,-0.4620469085499739,-0.4415196932503823,-0.026738410454059013
Equal-weighted aggregate,2004-Q1,0.004713178048541836,-0.003983687898389898,-0.17326988561095727,0.014099589394504869,-0.000485416646801526,0.005846796100071047,0.004920064799754931,-0.4471809421393619,-0.4512539692670644,-0.024115554675960056
Equal-weighted aggregate,2004-Q2,0.004189357268273035,-0.004199962575159689,-0.3572210800889108,0.007574652127948334,0.000661306526331549,-0.002629235759710716,0.004331433699812193,-0.4571020767423536,-0.4307337479581119,-0.024758932273442447
Equal-weighted aggregate,2004-Q3,0.0038597869031232242,-0.0034432326050848586,-0.431523676752378,0.012390126994572953,-0.001503589435379971,0.006881432880548574,0.012115060537755929,-0.4975278943454272,-0.42672519757422833,-0.02536220916072672
Equal-weighted aggregate,2004-Q4,0.002606924285022603,-0.002589091551907198,-0.2616566066812302,0.01277998482948979,-0.000103281491240347,0.0018208537609290055,0.0038565828344827146,-0.4917411826989162,-0.4660014677282485,-0.024801190729092475
Equal-weighted aggregate,2005-Q1,0.0020922515036245586,-0.0028082349671223784,-0.3008941560042927,0.014725041128329647,-0.0008320674961787712,0.00017836731911150244,-0.005442924482832945,-0.43258362899595504,-0.42558039002262515,-0.024338079817752947
Equal-weighted aggregate,2005-Q2,0.001247713424735725,-0.003424853383194288,-0.24736906805711384,0.015460706088743809,0.0008810839954267115,-0.0012007914713773635,0.01607629416035148,-0.40362067631075615,-0.3829781855644733,-0.020368993358988376
Equal-weighted aggregate,2005-Q3,0.00031667808706830475,-0.003365722030108678,-0.2223967786038641,0.02091023029662331,-0.0004894748715921907,0.008070958590671938,0.005259628395137161,-0.4076469462368658,-0.3987706732311461,-0.020118226093204503
Equal-weighted aggregate,2005-Q4,0.0009703931016265838,-0.0045081349972454585,-0.19794609531137164,0.02623610470866425,0.0004181640534746795,0.003935619789367815,-0.0022936357929108637,-0.41649430441991764,-0.3926268974992124,-0.017337457938714752
Equal-weighted aggregate,2006-Q1,0.0011744205207564942,-0.004825204326039378,0.3581693887591655,0.03531462225877488,1.2335184203413193e-05,0.009432696499113831,0.014647639058530925,-0.32967749007145497,-0.32939849318454134,-0.016373758709499656
Equal-weighted aggregate,2006-Q2,0.0017144483927184536,-0.005392435820719799,-0.14813093570401953,0.034381503778729255,0.0018081390297979593,0.0014120466700177385,0.013225136509096158,-0.3026849627756062,-0.2810126551025488,-0.01328648664705135
Equal-weighted aggregate,2006-Q3,0.002064914501221803,-0.003939989625423518,-0.18433415529407043,0.042403047223454754,-0.0003248721854000158,0.006102111889735271,0.006286370340504943,-0.3435282138549205,-0.3020474836309297,-0.011761597992058004
Equal-weighted aggregate,2006-Q4,0.002596150789875403,-0.0032022613470965985,0.3422265437168026,0.0523408066556558,0.000679896772215039,0.009406138503266,0.007437030599657168,-0.3790726371887086,-0.4207622477596314,-0.008823592793359557
Equal-weighted aggregate,2007-Q1,0.0026959450328303824,-0.0033409385455433578,-0.1461592073559484,0.07008917889650637,0.0012786135257590115,0.013707759939680219,0.02726298652524188,-0.326344113220224,-0.42534586754783066,-0.0018056311335291203
Equal-weighted aggregate,2007-Q2,0.003489277019665853,-0.004340954533850078,-0.13046016255126178,0.06721424752946514,0.0018567330357395833,-0.004546864600055037,-0.003716208904883844,-0.3207864744736041,-0.4593451133499423,0.0031855572212240377
Equal-weighted aggregate,2007-Q3,0.0040125049520319134,0.0004402691731375417,-0.4608546706272441,0.07665077695748287,-0.0008522955170179008,0.006540354828167957,0.0022103397181026723,-0.3547777039580642,-0.4941022829505721,0.005194043239913633
Equal-weighted aggregate,2007-Q4,0.001313401933507383,0.0026688561022484916,0.8045927498680596,0.08023658488008048,0.0015840723992253493,0.0007034326870520935,0.027360509537250575,-0.3315593522935284,-0.4552900201881312,0.01144034936054484
Equal-weighted aggregate,2008-Q1,-0.0006290476298821679,0.0025174401597386417,-0.08189702709856558,0.07821602543265307,1.7271396746518794e-05,-0.004464132842619853,-0.023212070293603705,-0.29673804827406536,-0.33751574617130453,0.014933702334269057
Equal-weighted aggregate,2008-Q2,-0.000763712654849898,0.004791418854390962,0.05077634316824303,0.06655149025409338,0.001457548454784337,-0.018377495973793314,-0.01277492631844166,-0.2632507091725361,-0.2460001203375379,0.019817956150966327
Equal-weighted aggregate,2008-Q3,-0.001999248432407787,0.004852076432845712,-1.6035679997300547,0.061425737298027555,-0.0018624867840691605,-0.009783619454392316,-0.01808149699987109,-0.16557584037447626,-0.14741414074917886,0.02085359946944603
Equal-weighted aggregate,2008-Q4,0.00012384189952178298,0.006530249319749922,0.5213887039912344,0.046540527829174644,-0.003703212548520491,-0.02747319149875035,-0.03205289701894824,-0.005426741637703153,-0.15779080502858445,0.01828548719688417
Equal-weighted aggregate,2009-Q1,0.0032342913301670623,0.011231051939878892,-0.9625013864430266,0.030280873638599742,-0.005017809055781931,-0.030876855832642384,-0.052289481677312157,0.11799020725716233,-0.027672677879362173,0.015915414133890506
Equal-weighted aggregate,2009-Q2,0.005924179727299193,0.012653518684698592,-0.35656463606668104,0.01651840677310093,-0.0006861268062344405,-0.015847783340731062,-0.04818439053852939,0.12256362937891,-0.021917997386444954,0.017332185631435383
Equal-weighted aggregate,2009-Q3,0.007005860906361423,0.007284023673653463,-0.26372850831689426,0.021146138674910303,-0.0015799181686856005,0.004384739814087099,-0.003754150783968812,0.10305872453615214,-0.08903820069612095,0.018976015443239617
Equal-weighted aggregate,2009-Q4,0.005030597927301482,0.003784596576827612,0.00013995884068784825,0.016588002710589494,-0.0006697756743002214,-0.0018981611637879955,-0.02223886378302127,0.14148425192902767,-0.10078525072721023,0.019776517168398296
Equal-weighted aggregate,2010-Q1,0.0026199705017286006,0.0027059766928702123,0.7229372108060999,0.01829056777269883,-0.0012498246365244302,0.0014426174002165918,-0.014501529317252926,0.2173401686269467,-0.03789096384661561,0.02155013707062626
Equal-weighted aggregate,2010-Q2,0.0009647088658247104,0.0020380992381570425,5.538974318031411,0.02021735808445496,9.390470931809982e-05,0.004145410257861756,0.008935397542874802,0.3568165418892576,0.06457707327999856,0.025582718590766725
Equal-weighted aggregate,2010-Q3,-3.636067399336029e-05,0.0018854038613160427,-0.4924145009730453,0.02221423417984722,-0.0019719895655558404,0.005153659306580147,0.00035002443897655996,0.2976875552627317,0.022405319861016848,0.022674301140970056
Equal-weighted aggregate,2010-Q4,-0.0003098336421728104,0.002145523039829813,-0.2397564607575574,0.015606434563268184,-0.00022853516038672016,-0.0007455512791697235,0.0007320775885234724,0.3004084265143536,0.11515549029315653,0.020147706808683906
Equal-weighted aggregate,2011-Q1,-0.0003957058914282295,0.0015295007574614326,-0.34836362185197617,0.01514087443581244,-2.7710813025961893e-05,-0.002078274490439283,-0.014115441197614986,0.286058594071946,0.1065087228697349,0.0236452221316397
Equal-weighted aggregate,2011-Q2,-0.0003632471276083706,0.0010377579327071028,-0.016871193309956678,-0.0010451167050431753,0.00014146209168151998,-0.016399463916253146,-0.0140779429103278,0.31441956390439463,0.12164903365544655,0.023156526432576895
Equal-weighted aggregate,2011-Q3,-0.0011406992563579403,0.0026467674072545924,-0.029384508471966414,0.0005890945176867668,-0.0028096290275253103,-0.0026172737241916184,-0.009095127960485571,0.3943882319096277,0.18236983611007468,0.024098802483313704
Equal-weighted aggregate,2011-Q4,-0.00047834178247541104,0.005565973578212585,-0.01396918440542444,-0.0109949945477269,-0.0010680533217852603,-0.014062801369516889,-0.016562890965106058,0.3973708393273817,0.1868939740169449,0.023864057426137987
Equal-weighted aggregate,2012-Q1,-8.058179935531082e-05,0.006428466523882392,-0.26287430365606873,-0.012222177832787798,-0.0010191023833178404,-0.0058778605431653395,-0.014095627381388852,0.43663104786123197,0.16858687901202413,0.027633400618996475
Equal-weighted aggregate,2012-Q2,-0.00019588328673049438,0.005562504227932409,-0.24221330150926362,-0.025877022073152733,-0.00043677705781883,-0.01318814296999981,-0.03210609688721733,0.5401818796068792,0.2439809997060563,0.028022581674942322
Equal-weighted aggregate,2012-Q3,-0.0014319827770503408,0.006340535302934872,-0.26512892327478654,-0.026388686636641692,-0.002075768238213381,-0.003480291333105248,-0.010133665826471771,0.5592589384920883,0.22928469662207224,0.02828377741801958
Equal-weighted aggregate,2012-Q4,-0.002060820751517598,0.005490428637592709,-0.16141150260852288,-0.03967553267254956,-0.0014274901353793109,-0.009673163553203948,-0.016368759023791535,0.5545623135239026,0.1311086243947413,0.024562993205572585
Equal-weighted aggregate,2013-Q1,-0.0009178593901391207,0.004594342962183802,0.0028728696151900657,-0.03872068195282101,-0.0019175038723781106,-0.0035403954069810257,-0.020433321335538192,0.5958688718947625,0.20317384832454305,0.024720920295902053
Equal-weighted aggregate,2013-Q2,-0.0005630020202955915,0.002775442622941302,-0.1226624361079279,-0.04146993304159033,-0.0004590627800553006,-0.0034397624078707084,-0.0068120933609652655,0.5508276790752749,0.18869228011730116,0.025637669824441774
Equal-weighted aggregate,2013-Q3,0.000760028386438948,0.002871787051018302,-0.3508084237222333,-0.041824146346936986,-0.0014000313738901308,0.002586559155690623,0.007842212159053785,0.5181250238936888,0.11213205781881658,0.02290074929170103
Equal-weighted aggregate,2013-Q4,0.001220409133736269,0.002809663367283892,-0.28119770320625725,-0.04099606597102015,-0.0005595360129702308,0.0006516202974349823,0.0016819752590583109,0.511133310951288,0.06450428760108129,0.0220631010728616
Equal-weighted aggregate,2014-Q1,0.0006992248911887131,0.0015993379092306918,-0.17387100488281695,-0.0377144009423442,-0.0010104638825092292,0.0009898290016179786,-0.005182905107085789,0.4926137940590851,-0.03668710132297054,0.021145596332326398
Equal-weighted aggregate,2014-Q2,-0.000254675798886321,0.002327098661619912,-0.20619665651990224,-0.04376010116994812,0.0006788717577545481,-0.004843784731583681,-0.005932466267085923,0.49747220695677496,0.007186778452978326,0.019806344679095762
Equal-weighted aggregate,2014-Q3,-0.0007825993113829109,0.002887709220647002,-0.21589017151279885,-0.03645000054129505,-0.0010202434344864758,0.004635956772855829,0.010460065671909425,0.4989841135584283,0.06735050733786913,0.020316918876848146
Equal-weighted aggregate,2014-Q4,-0.001408655131129961,0.0030920127000691024,-0.26546909562245513,-0.028647668718320474,-0.0007653528739937807,0.0031047835964321006,0.002678304743412907,0.4954056564444722,0.0884275841479446,0.022551516902563483
Equal-weighted aggregate,2015-Q1,-0.002064819971543874,0.003607978001408242,-0.12150771750923305,-0.006903861787795396,-0.0014645175289290408,0.010184278966777614,-0.008697310735552622,0.6285546660614724,0.10478958204734651,0.02810933391366579
Equal-weighted aggregate,2015-Q2,-0.002176486429582172,0.0019862607097602116,-0.18897751854209052,-0.017723261273339702,0.0011735089771129131,-0.0015071397369627623,0.08763937779739553,0.5046778010283892,0.07456821958576532,0.025027578927871365
Equal-weighted aggregate,2015-Q3,-0.0016040817571392006,0.0015577801136580118,-0.09040855900624341,-0.00839043470133577,-0.0014565558587542402,0.004724250088260548,-0.06529312620519456,0.46376860233476436,0.07568386397799381,0.026541490388772994
Equal-weighted aggregate,2015-Q4,-0.0019252934301014022,0.0027108072632077117,-0.22966577807080552,-0.004839050724791377,-0.0006693689199078737,0.00212218890015273,0.021901946144198756,0.41413628513585776,0.021325110336003594,0.02551924393505934
Equal-weighted aggregate,2016-Q1,-0.002409000883134631,0.002273457180324412,-0.16370104220343182,0.009599261821641336,-0.0019358011785426804,0.008858521930387307,0.0077166211931650516,0.39627406461306647,0.049409206625678215,0.027224000743801886
Equal-weighted aggregate,2016-Q2,-0.0025499527699508594,0.0038286939706133017,-0.1957831160065499,0.0024311035414753823,0.0008577501951114984,-0.005142596517704048,0.003562432227133483,0.38963809733723076,0.07782735076781089,0.027775498423890883
Equal-weighted aggregate,2016-Q3,-0.0038180301695661233,0.003580434679783602,-0.27190785060730294,0.012037572359058862,-0.001217237717998499,0.0064777095857197235,0.012884405924379427,0.40136963099263434,0.15601600702258128,0.02955550180511022
Equal-weighted aggregate,2016-Q4,-0.003819074071437981,0.0033141611543274123,-0.1329943136642274,0.01031517794104933,-0.0005045023890021306,-6.366491037378737e-05,-0.00035790246907887405,0.3677626970912955,0.23737825850334598,0.028239071053550995
Equal-weighted aggregate,2017-Q1,-0.005136853869773245,0.002832419096120412,-0.26740420542519355,0.01593106491378632,-0.0009619284467586805,0.0053547238327189195,0.008915017028403893,0.39429803628828075,0.21554161761828722,0.029957420672890984
Equal-weighted aggregate,2017-Q2,-0.00478469330596276,0.002003056010050702,-0.16170087576095749,0.014205615503801478,0.00019490257212950333,0.0004485290152427346,0.00660289934767362,0.35235788756353636,0.10212411806853838,0.029855608556407794
Equal-weighted aggregate,2017-Q3,-0.004759194285029212,0.0017079175140642926,-0.17286600433665256,0.013312446676645134,-0.0012879176610575604,0.0004919011327137648,0.019237702240490283,0.28555477687696906,0.09394514429899598,0.027164907284786273
Equal-weighted aggregate,2017-Q4,-0.00503616707218533,0.0017545788297997625,-0.28347946320304623,0.020005965436639628,-0.0005935311913042305,0.0043274981394221335,-0.0011695290347816909,0.27087381148911904,0.17017274484030437,0.02950791765640553
Equal-weighted aggregate,2018-Q1,-0.0041599765073992104,0.001302611677480042,-0.1311567108650749,0.02945567719618311,-0.0013381279045304709,0.005872663294081456,0.010351425289363681,0.3751798801924513,0.23431907826101545,0.03134080467748327
Equal-weighted aggregate,2018-Q2,-0.005057242291557641,0.001527649739605512,-0.16237399999962132,0.0177421279483731,0.00045187987015374623,-0.00546902004482738,0.010734093262445255,0.3635253533376922,0.30603912163029773,0.029189933310850326
Equal-weighted aggregate,2018-Q3,-0.005774983170521291,0.002441898062677212,-0.11930167468889205,0.014557473467560533,-0.0010461454666273109,-1.876814648333041e-05,-0.01911903790604321,0.3391166112781756,0.3110947826033799,0.027054241728919202
Equal-weighted aggregate,2018-Q4,-0.00528063569933618,0.0024920416628625916,-0.15015084203200396,0.015105818222422518,-0.0014710354742129151,0.0031486639855987956,0.009055335339489502,0.3106664177385525,0.3565362542981217,0.025231602122749976
Equal-weighted aggregate,2019-Q1,-0.00550499024298951,0.004340794994986752,-0.16569378784948174,0.028068336313528952,-0.0020734816719864806,0.006013474792796822,0.01931923651633123,0.3141513369789487,0.4259497188721085,0.028619124621376495
Equal-weighted aggregate,2019-Q2,-0.005909886134783831,0.004221988483113042,-0.13572788405682149,0.022421046666726757,0.000487574719357678,-0.004411698834376479,-0.0073075427045868665,0.3025093030415458,0.4001585651837956,0.029856504458417345
Equal-weighted aggregate,2019-Q3,-0.00619052628892547,0.004063168224077812,-0.14395263586018386,0.030965506575753754,-0.0014466392148310611,0.0035976315428723005,-0.0006776941300728808,0.2880738632403488,0.4624542112295667,0.03176784617809252
Equal-weighted aggregate,2019-Q4,-0.00571932064176737,0.004352689941311202,-0.27177470477469423,0.03386764604161713,-0.0006167057231500513,0.000378625672394336,0.0038679610415417454,0.227858969655609,0.4417107687062249,0.03184899536072495
Equal-weighted aggregate,2020-Q1,-0.005781741097293911,0.0037165073604518914,0.12487819529648908,0.012723932530940785,-0.0017005393935611913,-0.025495106709564997,-0.012602442325538598,0.31994029767993537,0.4094941938601437,0.026016979849413126
Equal-weighted aggregate,2020-Q2,-0.00414575076873523,0.004957276309876041,-0.20589053760113485,-0.098065710870935,0.0013832561480949487,-0.14135804510907962,-0.1110557066169028,0.643745199728331,0.6239936271251414,0.00810736361460778
Equal-weighted aggregate,2020-Q3,-0.005008271106606602,0.0021206441728049107,-0.14257924661969432,-0.01839457573150116,0.0015253236454163687,0.10658072353800332,0.09703643355545118,0.4964903887433605,0.5623672951429297,0.024493069758929682
Equal-weighted aggregate,2020-Q4,-0.005129885727212272,0.00041967010461764053,-0.466811079012374,-0.017396622057064853,0.0016798954482720985,0.0008510450853025453,0.016552391756978355,0.49096454444579085,0.623055924190467,0.026166068598630056
Equal-weighted aggregate,2021-Q1,-0.006315092109214401,-0.0016045549808085791,-0.28459171812313255,-0.0017133865262126124,0.0019377778369395586,0.002504828383538723,0.016751885135165123,0.4882809924597957,0.8036727909433568,0.036392961058418515
Equal-weighted aggregate,2021-Q2,-0.0076702827742748305,-0.0029901834513834493,0.17391369863476003,0.013673163108106345,0.0022439443291097884,0.018117223685491454,0.009886735933946822,0.40406005020954705,0.754707969709191,0.0370571983494933
Equal-weighted aggregate,2021-Q3,-0.009418331863782181,-0.002003490808635149,-0.1598411713967589,0.031162381742684625,0.0012248380318949982,0.022944653516039012,0.003287210880992531,0.40253574642062906,0.7418839267799844,0.0401068748603137
Equal-weighted aggregate,2021-Q4,-0.01274218607892655,-0.0017804563079071491,0.34113698493022937,0.03575490263227235,0.001956795302033919,0.008580099863111819,0.0028205675774596543,0.3504639668965175,0.700712407725397,0.042841219803517634
Equal-weighted aggregate,2022-Q1,-0.01611909952585565,-0.0007589527090271844,-0.24188591126985579,0.02843438108384863,0.0015867525381087683,-0.0009221649918179781,0.0060762314171808555,0.3262800476760762,0.7777260437890725,0.043768496370817624
Equal-weighted aggregate,2022-Q2,-0.01803678804399099,0.0004122079317504905,-0.47020668091768003,0.014682720952971628,0.0009429636387602183,-0.0019402346595764814,-0.011704619163826147,0.279867854140302,0.7515702349562992,0.045451130322723084
Equal-weighted aggregate,2022-Q3,-0.02112899469282186,0.0033560056558393407,-0.027789131363016167,0.004763372492824269,-0.0014356471225117318,-0.008878852124623995,-0.0031488895742109776,0.23563133229337127,0.7807447136309664,0.0482650316281955
Equal-weighted aggregate,2022-Q4,-0.020279328921393773,0.0046684604064923104,-0.579931625577227,-0.011975507305847788,-0.000848531354275812,-0.01034199097287231,-0.001176314035902814,0.17716945484142385,0.5803404785133963,0.04487712301390364
Equal-weighted aggregate,2023-Q1,-0.015518667976088482,0.00433850442117211,-0.43893969058580895,-0.013531891217336806,-0.001754411571152102,0.010661768717965366,0.005581253270164899,0.12603726703990784,0.5778855774888065,0.03663079970244334
Equal-weighted aggregate,2023-Q2,-0.010553658953089491,0.0036089010712716104,-0.2331160101060115,-0.02994330601878939,0.0008626545212160181,-0.01307166793261966,-0.012545191592647997,0.12066140880015067,0.6903187127703516,0.03044367756534113
Equal-weighted aggregate,2023-Q3,-0.006307568512930151,0.003858840637203491,-0.16861372922740878,-0.041014832422216874,0.0016421936427599483,-0.004847596544054325,0.0032127207717616013,0.06063346002135314,0.715184992770955,0.0267090991006736
Equal-weighted aggregate,2023-Q4,-0.0020037959678196587,0.003942604649947531,7.233299079912572,-0.04428840307618129,0.0019440444481114278,-0.0031112167603081805,-0.02820085011741154,0.029936431289865145,0.6650763651257918,0.02333653415851545
Equal-weighted aggregate,2024-Q1,-0.003066905682533561,0.0041903026643007515,0.588251519271259,-0.033501889700427834,0.002992569619912298,0.00971455962487796,0.008471008160222082,0.025062720570525415,0.7749454478150923,0.02912479192090233
Equal-weighted aggregate,2024-Q2,-0.0024342412443982917,0.002670852718089892,-0.3894922321240383,-0.037229231764865006,0.003235968817207678,-0.005482656243611742,-0.012309142378784665,0.013004133015093983,0.7496945314232712,0.02907699854592225
Equal-weighted aggregate,2024-Q3,-0.0017955501281958202,0.0028136200298392016,-1.388875538134836,-0.03441035547865581,0.0022960309047076683,0.005015760049280979,0.00024076077279047182,-0.011485089653661046,0.8109956220569234,0.0278997411690731
Equal-weighted aggregate,2024-Q4,-0.0020399944774705508,0.002793855394493192,0.7173384065601751,-0.030706764196504005,0.001437471542855338,0.005022332035144047,0.025691942145538917,-0.01808822110661168,1.0993870363928178,0.025708558661316598
Equal-weighted aggregate,2025-Q1,-0.0016034623788594316,0.003273318603180402,-0.8507529852208144,-0.04196557626421166,0.002270211970035745,-0.0030734456179878494,-0.027974703305175416,-0.0215152245330886,0.9490292399692315,0.020015465584816684
Equal-weighted aggregate,2025-Q2,-0.000879329178304071,0.002941882360708442,-0.48376479074194206,-0.04754001042184311,0.001524773514069228,-0.0029085439859805637,-0.0021302388638904986,-0.012566709872540882,0.9687644813141638,0.016635738709070126
Equal-weighted aggregate,2025-Q3,-0.0012813440621649002,0.0032617858906674917,-0.4736942740178965,-0.04854907070102593,0.0012807904411954681,0.000629965547490138,0.010366541103531501,-0.011604196075526735,1.1016668203195301,0.0150539320092632
GDP-weighted aggregate,1994-Q4,,,,,,,,,,
GDP-weighted aggregate,1995-Q1,,,0.3112793961103714,-0.06736706318906117,0.002490305145745254,0.006825072855870023,0.0031988905280131317,-0.5436754098309547,-0.3880010438722937,-0.05471476447453974
GDP-weighted aggregate,1995-Q2,0.01380147459932258,-0.0028301621961884815,-0.11066484828918424,-0.072541168089571,0.002081836443363413,-0.00262306543654345,0.0035558154163569788,-0.5845975796906449,-0.39453786061915497,-0.05629681351293731
GDP-weighted aggregate,1995-Q3,0.012533690928157325,-0.003252060553040742,-0.11039382223976779,-0.07014001926034544,0.000685365029224651,0.005659407090504513,0.006976892059572503,-0.6181610048976157,-0.40515897709094256,-0.058154165013151626
GDP-weighted aggregate,1995-Q4,0.011592930036931584,-0.004715280994311868,0.053717050262089394,-0.06695658255283121,0.00034853649191860306,0.0028643853102513902,0.02016190842540868,-0.6576300056075687,-0.39541967725418053,-0.05910957214542914
GDP-weighted aggregate,1996-Q1,0.011105377417247767,-0.005095887729222884,-0.062471714803795764,-0.06940796355324375,0.0006338109080215191,-0.0006979368006387685,-0.03331554274921751,-0.6876152650211553,-0.3943699760043092,-0.059811055940491756
GDP-weighted aggregate,1996-Q2,0.011263555188651301,-0.005831704622318517,-0.3901559571265951,-0.07458051732102486,0.0005479375520974022,-0.004889043760380547,0.008583825327667598,-0.7252311287672452,-0.395247662932735,-0.06042995857108587
GDP-weighted aggregate,1996-Q3,0.011353648724617162,-0.006010311825099368,-0.23961484688734708,-0.0689177019601608,-0.0008135363847310644,0.0046071390376430646,0.011884622019531048,-0.7528910762828298,-0.39562345218366235,-0.06044431111590584
GDP-weighted aggregate,1996-Q4,0.009255042909017526,-0.004980185633837945,-0.30988292497696523,-0.06908746191132929,-0.0003659857567527322,-0.0014814441869005442,-0.0040228742863258745,-0.775600184677959,-0.4010927775925433,-0.059613420165746396
GDP-weighted aggregate,1997-Q1,0.00941740918241945,-0.0053013932042823685,-0.4057071338556544,-0.059838307441313875,0.0006001602775442105,0.006822738223083013,-0.0023531563868721987,-0.7574369651808573,-0.4219598629129737,-0.05599127195343721
GDP-weighted aggregate,1997-Q2,0.010371867354698194,-0.005489387041807568,0.33838882785679586,-0.05081455569700022,0.0010673802104345278,0.009043849277757272,0.023516230474505254,-0.7562405577061359,-0.4536375446409035,-0.05427125059574891
GDP-weighted aggregate,1997-Q3,0.008642492852676185,-0.006299614482693944,5.021717472050608,-0.04327547552913118,0.0010949322590477254,0.008415184881460796,0.003779456825063624,-0.7568062092408843,-0.49797676910284305,-0.053538390663396544
GDP-weighted aggregate,1997-Q4,0.007590844738185268,-0.0066456259701170445,1.1359852924920866,-0.03384275557565835,0.0013962395169630011,0.014176472097477213,0.024125331777910392,-0.7641009821697579,-0.5375400551725098,-0.05302660492755076
GDP-weighted aggregate,1998-Q1,0.006531702598534668,-0.0051244479250405804,0.3369055898058119,-0.03222403805658125,0.0015626269171465942,-0.0013436389610548692,0.004421735505899785,-0.7835923357067717,-0.6312025191895804,-0.052452097242203836
GDP-weighted aggregate,1998-Q2,0.00596765573948484,-0.006728600964743368,-0.8171506832207673,-0.028374480761115838,0.0020406475118805237,0.004243628684806496,0.0038931397126900705,-0.8184396771245794,-0.6988976165545491,-0.05212037590340852
GDP-weighted aggregate,1998-Q3,0.005569079282796253,-0.006697911000913281,-0.2431724627276455,-0.024614756225770217,0.0008849928784665926,0.0019942006693062543,0.016857314215207204,-0.8473885004653536,-0.6887438948791096,-0.05164342732370081
GDP-weighted aggregate,1998-Q4,0.005295022676938236,-0.0046232422108597685,-0.1080099473486831,-0.017729134667531843,0.0012235269530455517,0.0052442122056644445,0.013336846116958533,-0.8629300881180413,-0.6726414304130839,-0.05014282472206096
GDP-weighted aggregate,1999-Q1,0.00445649377701886,-0.00478939905031268,-0.0038370137448437702,-0.013219780859265548,0.0013067937657747011,-0.00011493393680377974,0.00943786128056496,-0.849473273683982,-0.5788980117399766,-0.04691886672194501
GDP-weighted aggregate,1999-Q2,0.0045398269273854396,-0.00618343537083938,1.4832312593755508,-0.011758340224832853,0.00159213345139155,0.001200432949849289,-0.0015201302339897709,-0.7682919494470078,-0.44047752933263995,-0.042745610733690764
GDP-weighted aggregate,1999-Q3,0.005902008663615963,-0.008252021193903745,-0.18582883073233328,-0.00365355056890862,0.0008019888461245938,0.008499402067272666,0.016043206217902138,-0.7334211621305621,-0.3545714453982505,-0.04063811557172228
GDP-weighted aggregate,1999-Q4,0.00561657791062843,-0.008736642479061946,-0.33153510935868014,0.010147609210704178,0.0018847050466086113,0.01067247118683443,0.012114336644410816,-0.7248247309355281,-0.4957713489284892,-0.035759791164425646
GDP-weighted aggregate,2000-Q1,0.005640017566992141,-0.010598942758707444,-0.8510482723179615,0.017145018116259264,0.002124075959531924,0.00810718592588303,0.028246405091207724,-0.6631576167913824,-0.48656785428580834,-0.034702117170934396
GDP-weighted aggregate,2000-Q2,0.004775913326049014,-0.011358717867458169,-0.25718542443116477,0.01995514208235928,0.002842771831489684,0.0035003254106114037,0.0065321995554947394,-0.6365760808227229,-0.40608564611554826,-0.03166393484229947
GDP-weighted aggregate,2000-Q3,0.0041369513129850145,-0.010419536093633722,-0.3571278822141939,0.028878926529071883,0.0022723334051761033,0.004128920346591459,0.006787273967063974,-0.5742406588746114,-0.3174991258925874,-0.027688182543196743
GDP-weighted aggregate,2000-Q4,0.0033646832148293664,-0.009788680335319867,-0.6986134347983999,0.03820309694349877,0.002204463249101058,0.007944268715618059,-0.0030801136731611833,-0.5230709430548558,-0.3401381109890613,-0.023383283871418227
GDP-weighted aggregate,2001-Q1,0.002461924652925069,-0.00835475906303478,0.7370679155896203,0.04088985462506231,0.0014279638764025705,0.0008810754340352299,0.003261990235564751,-0.4332758799959035,-0.17511772575936554,-0.021696083015144304
GDP-weighted aggregate,2001-Q2,0.002091513938773184,-0.006668439322924568,-0.1928849397116573,0.03278946049487848,0.0019833634158723085,-0.006456899715956277,-0.002964838504963192,-0.43261301662732793,-0.10265167595398772,-0.021190120735958898
GDP-weighted aggregate,2001-Q3,0.002677243279678698,-0.006023608973765968,-0.16474552603525153,0.03294175835068741,-0.0005529416619105779,0.00043756645390134394,-0.005445218682138169,-0.4211800896662529,-0.07207130342303625,-0.021508429925832642
GDP-weighted aggregate,2001-Q4,0.0032844139630827853,-0.0034693341386441675,-0.15832046326953314,0.03713490233606154,-0.0009053303141709993,-0.0007196683821191862,-0.00023348261132182142,-0.46972068750884566,-0.14274793828993673,-0.01963270848062048
GDP-weighted aggregate,2002-Q1,0.004075611304213397,-0.002970629529563067,-0.19305089871238623,0.03392276651510662,-4.1494458664635995e-05,-8.098081873526668e-05,0.002260957588519739,-0.4885986722926323,-0.14957742918122446,-0.01969647285478051
GDP-weighted aggregate,2002-Q2,0.0044327640665285245,-0.002616041694598367,-0.20267892062240261,0.023298585638288308,0.0005310574016556982,-0.005630645448871325,-0.013553332274555704,-0.4818363259905386,-0.1980614478545915,-0.021868931911807762
GDP-weighted aggregate,2002-Q3,0.0037392496028950187,-0.001307879067564745,-0.23200853746969508,0.025719168165146786,-0.002527405482441397,0.0023476826954657894,0.0015374235836003091,-0.466701429953589,-0.16680097419020262,-0.022935153305681872
GDP-weighted aggregate,2002-Q4,0.0016373351368683987,0.002786915717127099,-0.2439476569411427,0.0196096616393414,-0.0017233874170825949,-0.0019507743377560104,0.005279088056440022,-0.4622479307915136,-0.27396459437338383,-0.023681970980660428
GDP-weighted aggregate,2003-Q1,0.000433579281776628,0.0033076919748919993,-0.23545599725121186,0.015443612567131254,-0.0023265733351625554,-0.0035313209249264186,-0.008937483033614548,-0.4370857172315207,-0.2244798097467623,-0.023933869902873158
GDP-weighted aggregate,2003-Q2,0.0011317562443069699,0.003713945282916821,-0.10201732859409868,0.011343730612953837,-0.001171310024474952,-0.005444978309004062,-0.01349044713945876,-0.4394594982297617,-0.2650134531481215,-0.02323015395324953
GDP-weighted aggregate,2003-Q3,0.001811804783629514,8.694643129188596e-05,-0.14227640719380338,0.016938203860149173,-0.0021387110382737715,0.0009869589076904389,0.0007758748173863463,-0.46787526890687536,-0.28582368741071373,-0.02279309755035027
GDP-weighted aggregate,2003-Q4,0.002963780418891785,-0.0025627339520245453,-0.09573993288943529,0.02202242947754271,-0.000623327148243401,0.006219313410633315,0.008167949049979546,-0.5673780585906594,-0.453568265665363,-0.0182487221523601
GDP-weighted aggregate,2004-Q1,0.003563668990953745,-0.0039836878983898795,-0.12299882803371212,0.027931848974877146,-0.0009741130133037903,0.004659657719769241,0.008257244671491037,-0.5588306374698956,-0.445560680906857,-0.017262359892254824
GDP-weighted aggregate,2004-Q2,0.0030421713143623935,-0.00419996257515968,-0.31332741543765497,0.023038526532825204,0.0005076816889606549,-0.002495229820794186,0.0030189843002227943,-0.5682294928058959,-0.4588292134664068,-0.017011544523252084
GDP-weighted aggregate,2004-Q3,0.0027932473663739923,-0.0034432326050848534,-0.3359964489594485,0.026982958697549658,-0.0018503095188660856,0.006737237500610807,0.007809302117745699,-0.5875825523537554,-0.46657846240409356,-0.01772715546026111
GDP-weighted aggregate,2004-Q4,0.0017925057666690926,-0.00258909155190718,-0.24928573880881702,0.030165921232919085,-0.0005615134409277787,0.0026699065004986344,0.004548124618147079,-0.5721136610128158,-0.5141320883520051,-0.015579511718174281
GDP-weighted aggregate,2005-Q1,0.0012176198070405642,-0.002808234967122363,-0.25780396252959425,0.031162325726388218,-0.0012119209595804715,-0.000996260812753948,0.0033941865936694855,-0.4935211445163214,-0.48553907416990333,-0.015265589208612505
GDP-weighted aggregate,2005-Q2,0.0005287676101012728,-0.0034248533831942748,-0.17946461857642632,0.031160617582579708,0.0007132684940402488,-0.000581370001396268,0.011763497175456265,-0.4464311020277797,-0.4283396088708385,-0.011332685834803215
GDP-weighted aggregate,2005-Q3,-0.0003480093201071871,-0.003365722030108663,-0.11495161630257274,0.037281140311586664,-0.0008058574463270071,0.00798118113347885,0.009586321162223315,-0.4560999087974522,-0.4742027704122006,-0.010628457415532339
GDP-weighted aggregate,2005-Q4,0.000103007992689216,-0.00450813499724545,-0.159022632454647,0.04364915599302552,-1.8744425797228865e-05,0.0037677912522069536,-0.0029912935032145233,-0.4811459569134147,-0.44958504210604683,-0.007647401382777336
GDP-weighted aggregate,2006-Q1,0.00029312249113349134,-0.0048252043260393635,0.12162653447771549,0.05055539841581744,-0.0005990979426059944,0.008375220593045383,0.016234385046186756,-0.3842143967367863,-0.386894320339687,-0.006643255760648205
GDP-weighted aggregate,2006-Q2,0.0011129837542327905,-0.0053924358207197804,-0.17004059645210332,0.04963270163158859,0.0013434867039175992,0.00039238146321676336,0.009886809317746846,-0.3512161470202827,-0.3345932668589652,-0.004134478858171933
GDP-weighted aggregate,2006-Q3,0.0013351401367331216,-0.003939989625423515,-0.15865203977829,0.05733608031332313,-0.000703425972600025,0.006824654755961582,0.00787910826215039,-0.34024972434488265,-0.36622254016061534,-0.0024689042425693336
GDP-weighted aggregate,2006-Q4,0.0020860961710398376,-0.0032022613470965803,0.14479732277044577,0.06901914917270138,0.00014725331948035316,0.011458278250865428,0.019968809379073443,-0.33940815928230433,-0.43426035212099473,0.0010779796961229299
GDP-weighted aggregate,2007-Q1,0.0023278333244716367,-0.0033409385455433495,-0.12459727049382881,0.08248171591800824,0.0008408688644880704,0.011128484405301644,0.014071886685881697,-0.26684982966742266,-0.44131149793049046,0.006273335927043988
GDP-weighted aggregate,2007-Q2,0.003077547249099248,-0.004340954533850063,-0.18088640227394914,0.07951928775673878,0.0017707426228826097,-0.004457103957841671,-0.006881172430007006,-0.20481782246706293,-0.44587687841622087,0.01100246314595129
GDP-weighted aggregate,2007-Q3,0.0034763793271556723,0.00044026917313752696,-0.32431270188532624,0.08708474895019308,-0.0008895602634916293,0.005250624427575553,0.0005683387781164981,-0.2225056830781903,-0.47359026951577166,0.012562482821008733
GDP-weighted aggregate,2007-Q4,0.0007034083963010085,0.00266885610224849,0.362640215583046,0.08755109853829898,0.0012446573673207087,-0.002655284768403884,0.02564925099467752,-0.21413982262034476,-0.44501273962180404,0.017550489197517047
GDP-weighted aggregate,2008-Q1,-0.0012109260442662792,0.002517440159738628,-0.12178458122302763,0.08710546057270815,-0.0005217760955638306,-0.0022330692597423455,-0.03069508243039744,-0.17700212000042526,-0.39289844017247544,0.021126701175860352
GDP-weighted aggregate,2008-Q2,-0.001405796397903284,0.004791418854390952,-0.045870131420003596,0.07364041980034502,0.0010252859207790929,-0.018871145992057067,-0.015304916423519579,-0.11607874466004309,-0.3065063581889228,0.02421228731576805
GDP-weighted aggregate,2008-Q3,-0.0025237342168803432,0.004852076432845708,-0.9565953340231543,0.06212402799866498,-0.002122761036687694,-0.01293700125526059,-0.0232449779701075,-0.0343317744425643,-0.21227337190693235,0.02358461199791176
GDP-weighted aggregate,2008-Q4,-4.206343914147509e-05,0.006530249319749901,0.20237087981312574,0.04647819992704538,-0.004069074879312514,-0.02424404296864926,-0.03927608613131761,0.08837814098538876,-0.19016274425843815,0.019746323351022707
GDP-weighted aggregate,2009-Q1,0.0029544116807053936,0.011231051939878875,-0.5714415682857525,0.032223671829191475,-0.005514198735010918,-0.027510453293543822,-0.04940353213859678,0.23707410472010482,-0.0617928186823683,0.01789973929290739
GDP-weighted aggregate,2009-Q2,0.005249769156645191,0.012653518684698578,-0.20490767529722353,0.017063355951244863,-0.0010381901433425688,-0.017154915434653004,-0.050611271406393286,0.23455621278492966,-0.07157796704716951,0.01920861649747045
GDP-weighted aggregate,2009-Q3,0.006385428647665463,0.007284023673653459,-0.11148297109717613,0.02020845788645398,-0.0018763279636707085,0.00022711858569025682,-0.008235326458882822,0.21061970714895928,-0.15191028627688793,0.020357895014011987
GDP-weighted aggregate,2009-Q4,0.004188527214206164,0.0037845965768276094,-0.04255003883620423,0.013955535627568613,-0.0009643566999529003,-0.0021832097263676156,-0.013088142524352728,0.25578868316883707,-0.18307126650904887,0.020512788446001795
GDP-weighted aggregate,2010-Q1,0.002019952376572095,0.002705976692870209,0.5311753433784274,0.016754984455103594,-0.0018717133684530772,0.0014754177293862906,-0.01330398041417256,0.34334954696441433,-0.09662431152392298,0.021980395945172343
GDP-weighted aggregate,2010-Q2,0.0008057544539358131,0.0020380992381570312,4.814814316826385,0.01626334243259875,-0.00016512821793407493,-0.00047082024432399446,0.007296495669007528,0.45794068163572055,0.011316671324398508,0.025450142200899847
GDP-weighted aggregate,2010-Q3,-0.00022746253109940176,0.0018854038613160314,-0.45119950239488854,0.01748049602465246,-0.002072057927576134,0.0029208787806357774,-0.008454929693198172,0.4521507527944131,-0.01808816633685717,0.023428750443198115
GDP-weighted aggregate,2010-Q4,-0.00027460322415124444,0.0021455230398298086,-0.2369535201732002,0.012862848833207846,-0.00043621209946246653,0.001223776402561507,-0.002759907121452938,0.4535465700800907,0.0656762060864271,0.021953440118920323
GDP-weighted aggregate,2011-Q1,-0.0003413605544117602,0.001529500757461424,-0.3834793795953423,0.013720215442293321,-0.0004963940281770452,-0.0006521118110579881,-0.005513158474870073,0.4447690801327866,0.027383332504619995,0.02439697109498415
GDP-weighted aggregate,2011-Q2,-0.0007209659719008103,0.0010377579327070958,0.005832324043328813,-0.0024384488937756466,0.00015195932857917267,-0.015805747962767496,-0.021480511295720033,0.49314263540875936,0.06249138625574269,0.02384600774802323
GDP-weighted aggregate,2011-Q3,-0.0010834008680380355,0.0026467674072545907,-0.017550538974349744,-0.003286049357887705,-0.0026747439970322656,-0.004017335388114643,-0.011983517444327164,0.5496796795600876,0.12873495587784023,0.02379606934760907
GDP-weighted aggregate,2011-Q4,-6.356949033438884e-05,0.005565973578212576,-0.0549103785619065,-0.01599141586989883,-0.0010430433982808267,-0.01632683544725911,-0.01953616952846502,0.5354062277671385,0.11296846604444954,0.02302047964054195
GDP-weighted aggregate,2012-Q1,-0.0003111891835335112,0.006428466523882382,-0.14106967788723482,-0.01835538975369777,-0.0015830219001137001,-0.006314845667621826,-0.02678445501522851,0.573251162387066,0.12157918578508264,0.02572519429910952
GDP-weighted aggregate,2012-Q2,6.14760523005714e-05,0.005562504227932401,-0.13193540721120908,-0.034307644804622034,-0.00032036679017305057,-0.01508994975870476,-0.02789249376140171,0.647159597802097,0.18738568612756457,0.025948308692635105
GDP-weighted aggregate,2012-Q3,-0.0008132172238933984,0.006340535302934863,-0.2949114624327882,-0.037076404998070564,-0.0018197257028092326,-0.006216013860051585,-0.018966281462175626,0.6817969263641883,0.17649438377240023,0.02613238513096118
GDP-weighted aggregate,2012-Q4,-0.0017311848665629848,0.0054904286375927,-0.15706421698180312,-0.05287051893310647,-0.0012522965137950017,-0.009215594525528083,-0.020210682756691037,0.678223415776894,0.09186661697316095,0.02183282892130428
GDP-weighted aggregate,2013-Q1,-0.000992081663307283,0.004594342962183793,0.030609882395349397,-0.053225166982690975,-0.0019686882993169993,-0.006467357379529171,-0.026058284484923328,0.7171602631780039,0.1580105209924466,0.02150800196947121
GDP-weighted aggregate,2013-Q2,-0.0002961520238628154,0.0027754426229412935,-0.11629390467945872,-0.055784135780561024,-0.000488422043501835,-0.0031503361921408884,-0.008348450121629273,0.6845210696384307,0.14253999682839058,0.02204238290369731
GDP-weighted aggregate,2013-Q3,0.0007387828261217338,0.0028717870510182935,-0.43122927493877405,-0.057338439410103546,-0.0010778607333789803,0.0011189683597182627,0.004710209355072001,0.6675461801539182,0.07368567138876175,0.019717955230893813
GDP-weighted aggregate,2013-Q4,0.0015189427025503206,0.0028096633672838878,-0.2783546741862639,-0.055295421916500706,-0.0005637327440431452,0.0002474398251337542,-0.0011978625481609598,0.6590731676127846,0.027463782003766923,0.019045894340405017
GDP-weighted aggregate,2014-Q1,0.001000538402978925,0.0015993379092306874,-0.1682554345945991,-0.04958527824907866,-0.0008202900011809269,0.0032397572185743316,-0.0016040177890031871,0.6472785814280839,-0.04777398282405787,0.018638174913539765
GDP-weighted aggregate,2014-Q2,-8.333281033028224e-05,0.0023270986616199052,-0.21991501534657715,-0.05446633382472242,0.0007888214885586134,-0.004713942491858946,-0.010431759278429084,0.6452159359303065,-0.019210090543422487,0.01772858263424386
GDP-weighted aggregate,2014-Q3,-0.00042559815121386707,0.0028877092206469933,-0.19019935542534466,-0.049199413164545513,-0.0008262305377961326,0.0029758174923025143,0.0060082503050463715,0.6597720654904502,0.04810016291726593,0.017267157353930182
GDP-weighted aggregate,2014-Q4,-0.0011630855895492995,0.0030920127000690937,-0.1789234079902709,-0.040305229311486085,-0.000947275542277489,0.004223327119126996,0.006591703699013596,0.6471891099262932,0.09820912774096507,0.01858173584402005
GDP-weighted aggregate,2015-Q1,-0.001788357074072551,0.0036079780014082307,-0.12424107118528975,-0.018946127793981762,-0.0015513531806473032,0.012064791334212843,-0.012973676013548192,0.7716709154062424,0.1333371702654531,0.022767692349973792
GDP-weighted aggregate,2015-Q2,-0.0019456658080834778,0.0019862607097602047,-0.12815261039523346,-0.02994742258427724,0.001345919283692422,-0.002080890073306329,0.10788174706870751,0.676258157919088,0.12001907630965125,0.019514022249713686
GDP-weighted aggregate,2015-Q3,-0.001444867872581846,0.0015577801136580048,-0.07795772314944135,-0.0214530404885466,-0.0013001611769323145,0.005008860967965867,-0.07642349131888412,0.6455843876507172,0.11569137591497847,0.019916751497871157
GDP-weighted aggregate,2015-Q4,-0.0019523457311743965,0.0027108072632077047,-0.18242466838023733,-0.01699887915766192,-0.0005049818747957864,0.0024626678228661094,0.01776805090159727,0.6086788669828482,0.08699505627669823,0.01874017957319643
GDP-weighted aggregate,2016-Q1,-0.002240636843906345,0.002273457180324405,-0.16388651463079607,-2.3216125988573255e-05,-0.0020997012149863805,0.010878797538858512,0.009872004562079874,0.6111138274662893,0.13369111822454105,0.020055622050692723
GDP-weighted aggregate,2016-Q2,-0.002107759052914812,0.003828693970613293,-0.11438869289072925,-0.005566107067859774,0.000853569388648996,-0.0046715059405214535,-0.0026404243293194816,0.5923890849582676,0.1871806986990706,0.0205876903819322
GDP-weighted aggregate,2016-Q3,-0.003644090518927782,0.0035804346797835935,-0.3252042431814708,0.0037901293714146245,-0.0009971068742431798,0.005696852677015815,0.010642630758702042,0.6017656276616405,0.2524045077295728,0.022470107986689317
GDP-weighted aggregate,2016-Q4,-0.0036702497222922334,0.0033141611543274054,-0.11633243736734011,0.0022200519357208626,-0.0005106044204492839,-0.0009689700270134288,0.0033887386251750416,0.5373521428988477,0.26863556921708065,0.021183984393889188
GDP-weighted aggregate,2017-Q1,-0.005434927236568091,0.002832419096120405,-0.2991874866666386,0.006686192818954079,-0.0009393122353707579,0.003009005530545477,0.004028744038088871,0.553037883820432,0.24227692176173954,0.022351389381879888
GDP-weighted aggregate,2017-Q2,-0.0050213007338463685,0.0020030560100506934,-0.18228440642194702,0.006117644744276923,3.227050080980469e-05,0.0010705729931162651,0.0051888594275213175,0.5099320946813242,0.15176393473465677,0.02205659530952167
GDP-weighted aggregate,2017-Q3,-0.004665475246869073,0.0017079175140642874,-0.14352277789567736,0.006545476203850847,-0.0011502314860192928,0.0013000094092892713,0.023032077369365602,0.44646596164261854,0.13771305981915838,0.019756969199976465
GDP-weighted aggregate,2017-Q4,-0.004745298084683318,0.0017545788297997512,-0.19039422253667332,0.014356796312442605,-0.00043189663819731333,0.0057312039605492806,0.0005196979712224692,0.4290588018760819,0.19705728332396366,0.021464715685278968
GDP-weighted aggregate,2018-Q1,-0.0039049836721618165,0.001302611677480029,-0.15234093501106669,0.022186313287519188,-0.0009035353113275085,0.0035362037433875424,0.004415307833105153,0.5015424752466975,0.24979667047051857,0.02310425682488222
GDP-weighted aggregate,2018-Q2,-0.004704594183920292,0.0015276497396055052,-0.14692934711989522,0.011277513845104253,0.0006496797049273238,-0.005102990840955004,0.01125192511558939,0.4563953198028956,0.2988927278219875,0.02074389293144374
GDP-weighted aggregate,2018-Q3,-0.005254770241579776,0.002441898062677205,-0.07288915580034336,0.006951159037518417,-0.0007047572092030597,-0.00215735519214477,-0.015914797467923313,0.4323454165052367,0.31551834843908233,0.018485057935622634
GDP-weighted aggregate,2018-Q4,-0.004543300190592181,0.0024920416628625864,-0.1111120014198231,0.008772880531669275,-0.0012926388940888247,0.003144165972394926,0.008185705738278074,0.40618150315227064,0.36157861444366424,0.016917953426537166
GDP-weighted aggregate,2019-Q1,-0.004653849592751138,0.004340794994986733,-0.14765231910596807,0.020832195909671725,-0.0017646669084304392,0.007281764946875134,0.020346026840960717,0.3985661161252938,0.40490034167048927,0.019276718579344834
GDP-weighted aggregate,2019-Q2,-0.005057650799962229,0.00422198848311303,-0.09772410800975959,0.015028592775089777,0.000550658898766859,-0.0048127275211068115,-0.0039000967951865707,0.3773908293049064,0.37174491571899293,0.01998634911609501
GDP-weighted aggregate,2019-Q3,-0.005682560959008293,0.004063168224077806,-0.1020781254286196,0.021099319709066172,-0.0013561021777380856,0.0013218201119782006,-0.0022137849440276754,0.39169849023550407,0.4285124429468131,0.02130113018586452
GDP-weighted aggregate,2019-Q4,-0.005273572615903131,0.004352689941311193,-0.2345547832002118,0.02556179525164734,-0.0008221114331959166,0.0018403183987796582,0.0011177056096421337,0.3367854582508196,0.42634944785790574,0.021330599407538037
GDP-weighted aggregate,2020-Q1,-0.005239966330134061,0.003716507360451887,0.19467571240019604,-0.0037558029014982397,-0.0018225997907905783,-0.03998143300630531,-0.027449594488032147,0.43934372354105844,0.443681418276047,0.01612291069065107
GDP-weighted aggregate,2020-Q2,-0.0036483861353594667,0.004957276309876032,-0.09938172150348958,-0.12152021315725284,0.0012141399371412053,-0.15261818283832054,-0.13621531078798058,0.8191723063855749,0.7085438764249766,-0.00047702662614512725
GDP-weighted aggregate,2020-Q3,-0.004219991852462492,0.0021206441728049063,-0.09576933300296064,-0.024588920860537655,0.0012906910170076117,0.12351485430963904,0.13895296681598304,0.6265513218195551,0.6552120799700593,0.017985460393349265
GDP-weighted aggregate,2020-Q4,-0.0046412607668190956,0.00041967010461763186,-0.5606241400875092,-0.02139835716823213,0.0017566093205739427,0.004727236922108822,0.014561585122550735,0.6336285559107602,0.6978417140256435,0.019654899394659697
GDP-weighted aggregate,2021-Q1,-0.0062320519691273085,-0.0016045549808085665,-0.2177469063586866,-0.0022961556086873447,0.0021049697045489547,0.005461779699961609,0.020244666059741644,0.6380484863372455,0.8508577280151856,0.02969846979687403
GDP-weighted aggregate,2021-Q2,-0.007713302536262515,-0.0029901834513834415,0.20036443141739513,0.01263757412246333,0.002394251461336135,0.0173317221471199,0.009989715664081378,0.5506208875846721,0.806070876289977,0.03012924818947786
GDP-weighted aggregate,2021-Q3,-0.009709710902067056,-0.0020034908086351408,-0.1262611975028144,0.030249891589683747,0.0011268572912071081,0.02371953924245646,0.014815181068800209,0.5484992069720247,0.7850496137959236,0.03202307061218648
GDP-weighted aggregate,2021-Q4,-0.01332974653732066,-0.0017804563079071411,0.5070059224279408,0.03285837944137057,0.0018053721145460393,0.00691716189960002,0.0010440208598667036,0.4989376746756622,0.7617349788476805,0.03368327457294548
GDP-weighted aggregate,2022-Q1,-0.01679535305903667,-0.0007589527090271801,-0.21122261330365416,0.024453346451433766,0.0016335306118305032,-0.002132949567823712,0.005908315857701487,0.44356156193931384,0.7856172020947999,0.034246231764762325
GDP-weighted aggregate,2022-Q2,-0.01774485891482353,0.0004122079317504879,-0.7813162242325573,0.014673827267352946,0.00015461867815515945,-1.936709950632696e-06,-0.0025949094417844517,0.3794218706576329,0.7380832814441943,0.0351805101246111
GDP-weighted aggregate,2022-Q3,-0.02070214173991941,0.003356005655839333,0.1047379617736574,0.0020791424331075004,-0.0015494544242604141,-0.009765212042612118,-0.002366039843882506,0.3293135336818265,0.7474832476219214,0.03672896230067073
GDP-weighted aggregate,2022-Q4,-0.019771267234906936,0.004668460406492307,-0.725618668740799,-0.011622089014899889,-0.0006538199112254236,-0.006448801878825976,-0.009079576112046113,0.26451926671487447,0.5858449927405114,0.033240925002778546
GDP-weighted aggregate,2023-Q1,-0.014174369586840742,0.004338504421172107,-0.49944183369741313,-0.0059630838813333475,-0.0018773450118387516,0.01640460170946195,0.02721463975170675,0.19747351837711102,0.55013205846303,0.026369567184755097
GDP-weighted aggregate,2023-Q2,-0.009826359125642073,0.003608901071271607,-0.20987237094384104,-0.01739317900264839,0.0007208356122548288,-0.007859622725419922,-0.012832525980704154,0.1592670839912208,0.6041070701942565,0.021597468373863213
GDP-weighted aggregate,2023-Q3,-0.005580956427333531,0.0038588406372034884,-0.10386562012019263,-0.02507545315100894,0.0016246978258286772,-0.0038074498907714766,0.004278061166285775,0.0909677035354226,0.6390688365261353,0.01825702744360115
GDP-weighted aggregate,2023-Q4,-0.000655984165868484,0.003942604649947525,7.915942344232112,-0.023481568481548906,0.0018726708991745398,0.0031352741758011683,-0.016482352522043997,0.05934286961753099,0.6079530982898876,0.015328796606217915
GDP-weighted aggregate,2024-Q1,-0.0020181760685417972,0.004190302664300751,0.7114332433620059,-0.015067213600801238,0.002956163066534402,0.007417228699666478,0.0006863300308978144,0.038782558582182936,0.6701093562353156,0.018996027936865237
GDP-weighted aggregate,2024-Q2,-0.001653060428704639,0.0026708527180898884,-0.2030688575323503,-0.02014123820734151,0.003273646773997027,-0.006247546902073048,-0.012501673773911707,0.02337287113675368,0.6624076967130151,0.01861048847677206
GDP-weighted aggregate,2024-Q3,-0.0012778946169927502,0.002813620029839194,-0.9773401549700889,-0.0198368477653202,0.0022979729567101665,0.0020788388267314025,-0.005055170112987801,-0.00717233291439523,0.67866080237384,0.016798731408461526
GDP-weighted aggregate,2024-Q4,-0.0016456177372838644,0.0027938553944931877,0.8177720250366136,-0.014665574637646561,0.0010287296702892502,0.006591726888666713,0.02289695235556192,-0.02732810839627897,0.904782439618114,0.014576553082871826
GDP-weighted aggregate,2025-Q1,-0.001496080503528504,0.0032733186031803935,-1.463403919320275,-0.022921694046734734,0.0020898290282652583,-0.0018725137952833935,-0.015209220902669782,-0.03753912251485281,0.7233216199389795,0.010482949284946003
GDP-weighted aggregate,2025-Q2,-0.0008371689984194679,0.0029418823607084317,-0.5466004844839858,-0.028321567026538166,0.0014619390171408389,-0.0023886709220779625,6.120394615861165e-05,-0.03507367340629097,0.7025311224514496,0.007475364137039156
GDP-weighted aggregate,2025-Q3,-0.0011346314251093823,0.0032617858906674882,-0.505554946575373,-0.030343146307343763,0.0011672186715702684,-0.0007227443682952797,0.006755183833969563,-0.03437998242469109,0.77729656339759,0.005499104684487173
